Date,Ticker,Company,Close,Market Cap,Volume
2025-01-02,041510,에스엠,71500,,184848
2025-01-02,048550,에스엠컬처앤콘텐츠,1427,,86854
2025-01-02,054780,키이스트,4880,,55703
2025-01-02,060570,드림어스컴퍼니,9090,,30279
2025-01-02,063440,에스엠라이프디자인그룹,1258,,59498
2025-01-02,376300,디어유,33800,,286812
2025-01-03,041510,에스엠,72600,,101803
2025-01-03,048550,에스엠컬처앤콘텐츠,1451,,169474
2025-01-03,054780,키이스트,4840,,60510
2025-01-03,060570,드림어스컴퍼니,8795,,9536
2025-01-03,063440,에스엠라이프디자인그룹,1261,,78587
2025-01-03,376300,디어유,34750,,234593
2025-01-06,041510,에스엠,70400,,244234
2025-01-06,048550,에스엠컬처앤콘텐츠,1478,,139186
2025-01-06,054780,키이스트,4860,,122920
2025-01-06,060570,드림어스컴퍼니,8700,,8088
2025-01-06,063440,에스엠라이프디자인그룹,1279,,115923
2025-01-06,376300,디어유,29400,,1528708
2025-01-07,041510,에스엠,70300,,271376
2025-01-07,048550,에스엠컬처앤콘텐츠,1478,,150501
2025-01-07,054780,키이스트,4855,,46933
2025-01-07,060570,드림어스컴퍼니,8705,,4513
2025-01-07,063440,에스엠라이프디자인그룹,1347,,1052990
2025-01-07,376300,디어유,32100,,1064419
2025-01-08,041510,에스엠,68700,,221125
2025-01-08,048550,에스엠컬처앤콘텐츠,1487,,94778
2025-01-08,054780,키이스트,4830,,20941
2025-01-08,060570,드림어스컴퍼니,8785,,27713
2025-01-08,063440,에스엠라이프디자인그룹,1302,,155084
2025-01-08,376300,디어유,31000,,338087
2025-01-09,041510,에스엠,68300,,164715
2025-01-09,048550,에스엠컬처앤콘텐츠,1476,,155183
2025-01-09,054780,키이스트,4830,,49386
2025-01-09,060570,드림어스컴퍼니,8715,,18610
2025-01-09,063440,에스엠라이프디자인그룹,1296,,104707
2025-01-09,376300,디어유,30250,,337255
2025-01-10,041510,에스엠,68900,,216471
2025-01-10,048550,에스엠컬처앤콘텐츠,1518,,187453
2025-01-10,054780,키이스트,4815,,31771
2025-01-10,060570,드림어스컴퍼니,8820,,12258
2025-01-10,063440,에스엠라이프디자인그룹,1295,,67031
2025-01-10,376300,디어유,31950,,319666
2025-01-13,041510,에스엠,72000,,408318
2025-01-13,048550,에스엠컬처앤콘텐츠,1480,,112833
2025-01-13,054780,키이스트,4455,,150380
2025-01-13,060570,드림어스컴퍼니,8565,,13730
2025-01-13,063440,에스엠라이프디자인그룹,1298,,85602
2025-01-13,376300,디어유,32200,,240136
2025-01-14,041510,에스엠,77000,,305099
2025-01-14,048550,에스엠컬처앤콘텐츠,1482,,54154
2025-01-14,054780,키이스트,4430,,53680
2025-01-14,060570,드림어스컴퍼니,8720,,12090
2025-01-14,063440,에스엠라이프디자인그룹,1293,,67215
2025-01-14,376300,디어유,32700,,264452
2025-01-15,041510,에스엠,77300,,132602
2025-01-15,048550,에스엠컬처앤콘텐츠,1484,,104205
2025-01-15,054780,키이스트,4345,,62219
2025-01-15,060570,드림어스컴퍼니,8530,,13383
2025-01-15,063440,에스엠라이프디자인그룹,1298,,97978
2025-01-15,376300,디어유,33050,,174966
2025-01-16,041510,에스엠,77100,,126576
2025-01-16,048550,에스엠컬처앤콘텐츠,1496,,47134
2025-01-16,054780,키이스트,4425,,51930
2025-01-16,060570,드림어스컴퍼니,8870,,290290
2025-01-16,063440,에스엠라이프디자인그룹,1307,,49996
2025-01-16,376300,디어유,33450,,152750
2025-01-17,041510,에스엠,78400,,155226
2025-01-17,048550,에스엠컬처앤콘텐츠,1494,,89429
2025-01-17,054780,키이스트,4465,,1856797
2025-01-17,060570,드림어스컴퍼니,8815,,30806
2025-01-17,063440,에스엠라이프디자인그룹,1306,,76102
2025-01-17,376300,디어유,34650,,321702
2025-01-20,041510,에스엠,78300,,127925
2025-01-20,048550,에스엠컬처앤콘텐츠,1472,,82264
2025-01-20,054780,키이스트,4405,,101193
2025-01-20,060570,드림어스컴퍼니,8615,,27175
2025-01-20,063440,에스엠라이프디자인그룹,1299,,34075
2025-01-20,376300,디어유,35200,,343647
2025-01-21,041510,에스엠,78800,,79260
2025-01-21,048550,에스엠컬처앤콘텐츠,1442,,146635
2025-01-21,054780,키이스트,4325,,49194
2025-01-21,060570,드림어스컴퍼니,8385,,20567
2025-01-21,063440,에스엠라이프디자인그룹,1299,,62550
2025-01-21,376300,디어유,34750,,148541
2025-01-22,041510,에스엠,79900,,161706
2025-01-22,048550,에스엠컬처앤콘텐츠,1419,,187638
2025-01-22,054780,키이스트,4330,,77702
2025-01-22,060570,드림어스컴퍼니,8365,,20586
2025-01-22,063440,에스엠라이프디자인그룹,1295,,360863
2025-01-22,376300,디어유,35600,,169833
2025-01-23,041510,에스엠,81800,,268400
2025-01-23,048550,에스엠컬처앤콘텐츠,1408,,116631
2025-01-23,054780,키이스트,4275,,35545
2025-01-23,060570,드림어스컴퍼니,8310,,22010
2025-01-23,063440,에스엠라이프디자인그룹,1270,,72203
2025-01-23,376300,디어유,35550,,174590
2025-01-24,041510,에스엠,84000,,236537
2025-01-24,048550,에스엠컬처앤콘텐츠,1411,,104401
2025-01-24,054780,키이스트,4250,,44680
2025-01-24,060570,드림어스컴퍼니,8425,,31163
2025-01-24,063440,에스엠라이프디자인그룹,1270,,85097
2025-01-24,376300,디어유,35500,,109422
2025-01-31,041510,에스엠,83500,,128773
2025-01-31,048550,에스엠컬처앤콘텐츠,1403,,105787
2025-01-31,054780,키이스트,4215,,54106
2025-01-31,060570,드림어스컴퍼니,8375,,28228
2025-01-31,063440,에스엠라이프디자인그룹,1314,,82218
2025-01-31,376300,디어유,35850,,134292
2025-02-03,041510,에스엠,83600,,172289
2025-02-03,048550,에스엠컬처앤콘텐츠,1349,,264303
2025-02-03,054780,키이스트,4040,,112088
2025-02-03,060570,드림어스컴퍼니,8825,,63567
2025-02-03,063440,에스엠라이프디자인그룹,1280,,153839
2025-02-03,376300,디어유,36150,,281518
2025-02-04,041510,에스엠,86800,,207505
2025-02-04,048550,에스엠컬처앤콘텐츠,1366,,60400
2025-02-04,054780,키이스트,4105,,28640
2025-02-04,060570,드림어스컴퍼니,8950,,111960
2025-02-04,063440,에스엠라이프디자인그룹,1297,,70225
2025-02-04,376300,디어유,36250,,209432
2025-02-05,041510,에스엠,87900,,240076
2025-02-05,048550,에스엠컬처앤콘텐츠,1400,,86197
2025-02-05,054780,키이스트,4150,,27337
2025-02-05,060570,드림어스컴퍼니,9055,,27439
2025-02-05,063440,에스엠라이프디자인그룹,1302,,127131
2025-02-05,376300,디어유,38300,,379865
2025-02-06,041510,에스엠,87900,,89701
2025-02-06,048550,에스엠컬처앤콘텐츠,1405,,140539
2025-02-06,054780,키이스트,4175,,32331
2025-02-06,060570,드림어스컴퍼니,9025,,52489
2025-02-06,063440,에스엠라이프디자인그룹,1305,,194871
2025-02-06,376300,디어유,38600,,161118
2025-02-07,041510,에스엠,87600,,83063
2025-02-07,048550,에스엠컬처앤콘텐츠,1416,,129386
2025-02-07,054780,키이스트,4150,,37373
2025-02-07,060570,드림어스컴퍼니,8945,,28982
2025-02-07,063440,에스엠라이프디자인그룹,1310,,290502
2025-02-07,376300,디어유,38100,,141260
2025-02-10,041510,에스엠,92300,,648579
2025-02-10,048550,에스엠컬처앤콘텐츠,1438,,278805
2025-02-10,054780,키이스트,4140,,61961
2025-02-10,060570,드림어스컴퍼니,8900,,204438
2025-02-10,063440,에스엠라이프디자인그룹,1336,,267155
2025-02-10,376300,디어유,41000,,1028518
2025-02-11,041510,에스엠,95000,,376637
2025-02-11,048550,에스엠컬처앤콘텐츠,1450,,127231
2025-02-11,054780,키이스트,4225,,36235
2025-02-11,060570,드림어스컴퍼니,8850,,44884
2025-02-11,063440,에스엠라이프디자인그룹,1355,,213395
2025-02-11,376300,디어유,42100,,566449
2025-02-12,041510,에스엠,93600,,199419
2025-02-12,048550,에스엠컬처앤콘텐츠,1422,,108505
2025-02-12,054780,키이스트,4160,,74699
2025-02-12,060570,드림어스컴퍼니,8835,,25430
2025-02-12,063440,에스엠라이프디자인그룹,1347,,166630
2025-02-12,376300,디어유,41750,,366932
2025-02-13,041510,에스엠,91400,,245488
2025-02-13,048550,에스엠컬처앤콘텐츠,1420,,99952
2025-02-13,054780,키이스트,4160,,43828
2025-02-13,060570,드림어스컴퍼니,8760,,24769
2025-02-13,063440,에스엠라이프디자인그룹,1322,,165145
2025-02-13,376300,디어유,43150,,622838
2025-02-14,041510,에스엠,92300,,266011
2025-02-14,048550,에스엠컬처앤콘텐츠,1407,,185965
2025-02-14,054780,키이스트,4205,,119642
2025-02-14,060570,드림어스컴퍼니,8960,,31596
2025-02-14,063440,에스엠라이프디자인그룹,1333,,75156
2025-02-14,376300,디어유,41100,,697540
2025-02-17,041510,에스엠,89200,,228314
2025-02-17,048550,에스엠컬처앤콘텐츠,1399,,272619
2025-02-17,054780,키이스트,4120,,316936
2025-02-17,060570,드림어스컴퍼니,9105,,38060
2025-02-17,063440,에스엠라이프디자인그룹,1333,,124696
2025-02-17,376300,디어유,40050,,621163
2025-02-18,041510,에스엠,91200,,138799
2025-02-18,048550,에스엠컬처앤콘텐츠,1400,,116468
2025-02-18,054780,키이스트,4060,,86208
2025-02-18,060570,드림어스컴퍼니,9010,,21919
2025-02-18,063440,에스엠라이프디자인그룹,1339,,132951
2025-02-18,376300,디어유,41750,,418830
2025-02-19,041510,에스엠,96500,,307376
2025-02-19,048550,에스엠컬처앤콘텐츠,1417,,160243
2025-02-19,054780,키이스트,4030,,64687
2025-02-19,060570,드림어스컴퍼니,8870,,20225
2025-02-19,063440,에스엠라이프디자인그룹,1336,,47239
2025-02-19,376300,디어유,43750,,361104
2025-02-20,041510,에스엠,101400,,1052281
2025-02-20,048550,에스엠컬처앤콘텐츠,1578,,11807562
2025-02-20,054780,키이스트,5230,,3564205
2025-02-20,060570,드림어스컴퍼니,9060,,122261
2025-02-20,063440,에스엠라이프디자인그룹,1391,,4279753
2025-02-20,376300,디어유,47700,,2033373
2025-02-21,041510,에스엠,99500,,244318
2025-02-21,048550,에스엠컬처앤콘텐츠,1516,,2699886
2025-02-21,054780,키이스트,4795,,3464881
2025-02-21,060570,드림어스컴퍼니,8950,,23994
2025-02-21,063440,에스엠라이프디자인그룹,1391,,320859
2025-02-21,376300,디어유,44750,,1031297
2025-02-24,041510,에스엠,100200,,241560
2025-02-24,048550,에스엠컬처앤콘텐츠,1498,,517857
2025-02-24,054780,키이스트,4700,,462986
2025-02-24,060570,드림어스컴퍼니,8790,,25798
2025-02-24,063440,에스엠라이프디자인그룹,1389,,168589
2025-02-24,376300,디어유,41750,,734358
2025-02-25,041510,에스엠,101900,,301282
2025-02-25,048550,에스엠컬처앤콘텐츠,1520,,599550
2025-02-25,054780,키이스트,4685,,811893
2025-02-25,060570,드림어스컴퍼니,8850,,39838
2025-02-25,063440,에스엠라이프디자인그룹,1394,,219301
2025-02-25,376300,디어유,42650,,439507
2025-02-26,041510,에스엠,99400,,150463
2025-02-26,048550,에스엠컬처앤콘텐츠,1507,,252718
2025-02-26,054780,키이스트,4595,,217921
2025-02-26,060570,드림어스컴퍼니,8830,,21088
2025-02-26,063440,에스엠라이프디자인그룹,1385,,269342
2025-02-26,376300,디어유,42250,,328642
2025-02-27,041510,에스엠,102000,,183825
2025-02-27,048550,에스엠컬처앤콘텐츠,1529,,2090252
2025-02-27,054780,키이스트,4540,,213081
2025-02-27,060570,드림어스컴퍼니,8775,,17329
2025-02-27,063440,에스엠라이프디자인그룹,1388,,199456
2025-02-27,376300,디어유,43500,,328950
2025-02-28,041510,에스엠,100400,,255865
2025-02-28,048550,에스엠컬처앤콘텐츠,1534,,1167130
2025-02-28,054780,키이스트,4385,,527729
2025-02-28,060570,드림어스컴퍼니,8640,,19818
2025-02-28,063440,에스엠라이프디자인그룹,1365,,189921
2025-02-28,376300,디어유,43000,,510969
2025-03-04,041510,에스엠,100900,,212425
2025-03-04,048550,에스엠컬처앤콘텐츠,1469,,404301
2025-03-04,054780,키이스트,4305,,172020
2025-03-04,060570,드림어스컴퍼니,8340,,22507
2025-03-04,063440,에스엠라이프디자인그룹,1328,,128526
2025-03-04,376300,디어유,42600,,345806
2025-03-05,041510,에스엠,98100,,164058
2025-03-05,048550,에스엠컬처앤콘텐츠,1470,,268489
2025-03-05,054780,키이스트,4315,,89306
2025-03-05,060570,드림어스컴퍼니,8470,,17433
2025-03-05,063440,에스엠라이프디자인그룹,1356,,93976
2025-03-05,376300,디어유,40600,,324458
2025-03-06,041510,에스엠,96600,,148731
2025-03-06,048550,에스엠컬처앤콘텐츠,1482,,229220
2025-03-06,054780,키이스트,4390,,203723
2025-03-06,060570,드림어스컴퍼니,8615,,25986
2025-03-06,063440,에스엠라이프디자인그룹,1346,,79648
2025-03-06,376300,디어유,39800,,265136
2025-03-07,041510,에스엠,98100,,165355
2025-03-07,048550,에스엠컬처앤콘텐츠,1489,,191738
2025-03-07,054780,키이스트,4280,,183043
2025-03-07,060570,드림어스컴퍼니,8320,,15765
2025-03-07,063440,에스엠라이프디자인그룹,1355,,66122
2025-03-07,376300,디어유,39500,,315091
2025-03-10,041510,에스엠,95500,,243858
2025-03-10,048550,에스엠컬처앤콘텐츠,1471,,126922
2025-03-10,054780,키이스트,4290,,99079
2025-03-10,060570,드림어스컴퍼니,8655,,49541
2025-03-10,063440,에스엠라이프디자인그룹,1354,,36595
2025-03-10,376300,디어유,39500,,242437
2025-03-11,041510,에스엠,96800,,126135
2025-03-11,048550,에스엠컬처앤콘텐츠,1430,,220054
2025-03-11,054780,키이스트,4215,,69335
2025-03-11,060570,드림어스컴퍼니,9495,,249710
2025-03-11,063440,에스엠라이프디자인그룹,1331,,89885
2025-03-11,376300,디어유,39400,,223636
2025-03-12,041510,에스엠,93800,,157956
2025-03-12,048550,에스엠컬처앤콘텐츠,1427,,163154
2025-03-12,054780,키이스트,4280,,30778
2025-03-12,060570,드림어스컴퍼니,9895,,459433
2025-03-12,063440,에스엠라이프디자인그룹,1335,,37081
2025-03-12,376300,디어유,38700,,222658
2025-03-13,041510,에스엠,93400,,142466
2025-03-13,048550,에스엠컬처앤콘텐츠,1409,,167221
2025-03-13,054780,키이스트,4230,,66736
2025-03-13,060570,드림어스컴퍼니,9750,,68956
2025-03-13,063440,에스엠라이프디자인그룹,1325,,110691
2025-03-13,376300,디어유,37500,,282588
2025-03-14,041510,에스엠,91200,,156717
2025-03-14,048550,에스엠컬처앤콘텐츠,1425,,167992
2025-03-14,054780,키이스트,4255,,25981
2025-03-14,060570,드림어스컴퍼니,8980,,138323
2025-03-14,063440,에스엠라이프디자인그룹,1331,,88444
2025-03-14,376300,디어유,38600,,214551
2025-03-17,041510,에스엠,93400,,162679
2025-03-17,048550,에스엠컬처앤콘텐츠,1420,,151085
2025-03-17,054780,키이스트,4280,,26453
2025-03-17,060570,드림어스컴퍼니,8995,,58907
2025-03-17,063440,에스엠라이프디자인그룹,1326,,49451
2025-03-17,376300,디어유,39400,,341223
2025-03-18,041510,에스엠,93700,,141295
2025-03-18,048550,에스엠컬처앤콘텐츠,1420,,142452
2025-03-18,054780,키이스트,4235,,39553
2025-03-18,060570,드림어스컴퍼니,8995,,31313
2025-03-18,063440,에스엠라이프디자인그룹,1316,,57586
2025-03-18,376300,디어유,38550,,187724
2025-03-19,041510,에스엠,100000,,290232
2025-03-19,048550,에스엠컬처앤콘텐츠,1444,,252691
2025-03-19,054780,키이스트,4300,,63425
2025-03-19,060570,드림어스컴퍼니,8810,,30799
2025-03-19,063440,에스엠라이프디자인그룹,1327,,57943
2025-03-19,376300,디어유,39950,,342277
2025-03-20,041510,에스엠,95000,,173514
2025-03-20,048550,에스엠컬처앤콘텐츠,1422,,119964
2025-03-20,054780,키이스트,4300,,34217
2025-03-20,060570,드림어스컴퍼니,8565,,75828
2025-03-20,063440,에스엠라이프디자인그룹,1303,,119976
2025-03-20,376300,디어유,39300,,223324
2025-03-21,041510,에스엠,100300,,166619
2025-03-21,048550,에스엠컬처앤콘텐츠,1453,,168823
2025-03-21,054780,키이스트,4250,,29701
2025-03-21,060570,드림어스컴퍼니,8550,,50529
2025-03-21,063440,에스엠라이프디자인그룹,1336,,130232
2025-03-21,376300,디어유,40000,,250714
2025-03-24,041510,에스엠,102700,,152897
2025-03-24,048550,에스엠컬처앤콘텐츠,1431,,167765
2025-03-24,054780,키이스트,4280,,36903
2025-03-24,060570,드림어스컴퍼니,8520,,24686
2025-03-24,063440,에스엠라이프디자인그룹,1340,,62366
2025-03-24,376300,디어유,39900,,154901
2025-03-25,041510,에스엠,103900,,171472
2025-03-25,048550,에스엠컬처앤콘텐츠,1426,,91483
2025-03-25,054780,키이스트,4225,,68940
2025-03-25,060570,드림어스컴퍼니,8475,,22875
2025-03-25,063440,에스엠라이프디자인그룹,1339,,74389
2025-03-25,376300,디어유,38900,,125860
2025-03-26,041510,에스엠,105000,,99795
2025-03-26,048550,에스엠컬처앤콘텐츠,1418,,114364
2025-03-26,054780,키이스트,4275,,33541
2025-03-26,060570,드림어스컴퍼니,8490,,28595
2025-03-26,063440,에스엠라이프디자인그룹,1362,,189775
2025-03-26,376300,디어유,40300,,156149
2025-03-27,041510,에스엠,108600,,255721
2025-03-27,048550,에스엠컬처앤콘텐츠,1406,,113992
2025-03-27,054780,키이스트,4250,,27264
2025-03-27,060570,드림어스컴퍼니,8350,,27804
2025-03-27,063440,에스엠라이프디자인그룹,1355,,68858
2025-03-27,376300,디어유,41000,,299540
2025-03-28,041510,에스엠,107000,,76078
2025-03-28,048550,에스엠컬처앤콘텐츠,1386,,142516
2025-03-28,054780,키이스트,4155,,49704
2025-03-28,060570,드림어스컴퍼니,8145,,29306
2025-03-28,063440,에스엠라이프디자인그룹,1335,,75014
2025-03-28,376300,디어유,40900,,207041
2025-03-31,041510,에스엠,107300,,182649
2025-03-31,048550,에스엠컬처앤콘텐츠,1349,,163782
2025-03-31,054780,키이스트,3980,,72609
2025-03-31,060570,드림어스컴퍼니,7595,,37746
2025-03-31,063440,에스엠라이프디자인그룹,1309,,170011
2025-03-31,376300,디어유,39400,,167160
2025-04-01,041510,에스엠,106100,,191030
2025-04-01,048550,에스엠컬처앤콘텐츠,1367,,110149
2025-04-01,054780,키이스트,4140,,50800
2025-04-01,060570,드림어스컴퍼니,7850,,28019
2025-04-01,063440,에스엠라이프디자인그룹,1342,,109727
2025-04-01,376300,디어유,38950,,176811
2025-04-02,041510,에스엠,104200,,155476
2025-04-02,048550,에스엠컬처앤콘텐츠,1360,,270331
2025-04-02,054780,키이스트,4065,,28264
2025-04-02,060570,드림어스컴퍼니,7710,,16211
2025-04-02,063440,에스엠라이프디자인그룹,1342,,88167
2025-04-02,376300,디어유,39000,,179076
2025-04-03,041510,에스엠,108200,,263133
2025-04-03,048550,에스엠컬처앤콘텐츠,1364,,75425
2025-04-03,054780,키이스트,4015,,53431
2025-04-03,060570,드림어스컴퍼니,7415,,21791
2025-04-03,063440,에스엠라이프디자인그룹,1371,,163996
2025-04-03,376300,디어유,41700,,477934
2025-04-04,041510,에스엠,115900,,743209
2025-04-04,048550,에스엠컬처앤콘텐츠,1392,,185295
2025-04-04,054780,키이스트,4115,,49908
2025-04-04,060570,드림어스컴퍼니,7600,,13369
2025-04-04,063440,에스엠라이프디자인그룹,1396,,438986
2025-04-04,376300,디어유,43350,,581000
2025-04-07,041510,에스엠,109900,,212753
2025-04-07,048550,에스엠컬처앤콘텐츠,1340,,237369
2025-04-07,054780,키이스트,3865,,87168
2025-04-07,060570,드림어스컴퍼니,7375,,21430
2025-04-07,063440,에스엠라이프디자인그룹,1384,,272093
2025-04-07,376300,디어유,40300,,324344
2025-04-08,041510,에스엠,110600,,138320
2025-04-08,048550,에스엠컬처앤콘텐츠,1312,,182196
2025-04-08,054780,키이스트,3835,,38233
2025-04-08,060570,드림어스컴퍼니,7380,,19502
2025-04-08,063440,에스엠라이프디자인그룹,1387,,137217
2025-04-08,376300,디어유,39250,,240739
2025-04-09,041510,에스엠,107700,,230835
2025-04-09,048550,에스엠컬처앤콘텐츠,1246,,307166
2025-04-09,054780,키이스트,3640,,93101
2025-04-09,060570,드림어스컴퍼니,6925,,40097
2025-04-09,063440,에스엠라이프디자인그룹,1360,,165387
2025-04-09,376300,디어유,35650,,413872
2025-04-10,041510,에스엠,107300,,349135
2025-04-10,048550,에스엠컬처앤콘텐츠,1309,,205604
2025-04-10,054780,키이스트,3820,,50202
2025-04-10,060570,드림어스컴퍼니,7495,,27726
2025-04-10,063440,에스엠라이프디자인그룹,1394,,179686
2025-04-10,376300,디어유,36250,,247025
2025-04-11,041510,에스엠,106400,,169712
2025-04-11,048550,에스엠컬처앤콘텐츠,1408,,7582030
2025-04-11,054780,키이스트,4090,,263379
2025-04-11,060570,드림어스컴퍼니,7530,,15799
2025-04-11,063440,에스엠라이프디자인그룹,1532,,14566943
2025-04-11,376300,디어유,36500,,250187
2025-04-14,041510,에스엠,105400,,272698
2025-04-14,048550,에스엠컬처앤콘텐츠,1399,,356594
2025-04-14,054780,키이스트,4125,,32217
2025-04-14,060570,드림어스컴퍼니,7700,,30940
2025-04-14,063440,에스엠라이프디자인그룹,1489,,1036552
2025-04-14,376300,디어유,36150,,199616
2025-04-15,041510,에스엠,105700,,135360
2025-04-15,048550,에스엠컬처앤콘텐츠,1406,,362326
2025-04-15,054780,키이스트,4285,,818698
2025-04-15,060570,드림어스컴퍼니,7860,,62210
2025-04-15,063440,에스엠라이프디자인그룹,1531,,3444018
2025-04-15,376300,디어유,38450,,269840
2025-04-16,041510,에스엠,106800,,187413
2025-04-16,048550,에스엠컬처앤콘텐츠,1386,,163676
2025-04-16,054780,키이스트,4445,,110848
2025-04-16,060570,드림어스컴퍼니,7815,,14052
2025-04-16,063440,에스엠라이프디자인그룹,1495,,556891
2025-04-16,376300,디어유,38100,,140457
2025-04-17,041510,에스엠,114500,,281704
2025-04-17,048550,에스엠컬처앤콘텐츠,1425,,363229
2025-04-17,054780,키이스트,4485,,65158
2025-04-17,060570,드림어스컴퍼니,7995,,14425
2025-04-17,063440,에스엠라이프디자인그룹,1550,,2979924
2025-04-17,376300,디어유,42200,,341409
2025-04-18,041510,에스엠,116300,,153076
2025-04-18,048550,에스엠컬처앤콘텐츠,1433,,260524
2025-04-18,054780,키이스트,4465,,63004
2025-04-18,060570,드림어스컴퍼니,8065,,12049
2025-04-18,063440,에스엠라이프디자인그룹,1571,,685896
2025-04-18,376300,디어유,42900,,247274
2025-04-21,041510,에스엠,113500,,112678
2025-04-21,048550,에스엠컬처앤콘텐츠,1426,,127078
2025-04-21,054780,키이스트,4410,,36463
2025-04-21,060570,드림어스컴퍼니,8190,,29569
2025-04-21,063440,에스엠라이프디자인그룹,1535,,309536
2025-04-21,376300,디어유,41300,,130548
2025-04-22,041510,에스엠,113600,,83949
2025-04-22,048550,에스엠컬처앤콘텐츠,1428,,111047
2025-04-22,054780,키이스트,4375,,49318
2025-04-22,060570,드림어스컴퍼니,8005,,21716
2025-04-22,063440,에스엠라이프디자인그룹,1539,,139218
2025-04-22,376300,디어유,41900,,144768
2025-04-23,041510,에스엠,112500,,93277
2025-04-23,048550,에스엠컬처앤콘텐츠,1438,,201080
2025-04-23,054780,키이스트,4385,,29144
2025-04-23,060570,드림어스컴퍼니,7980,,22719
2025-04-23,063440,에스엠라이프디자인그룹,1545,,230677
2025-04-23,376300,디어유,41200,,119635
2025-04-24,041510,에스엠,112200,,62359
2025-04-24,048550,에스엠컬처앤콘텐츠,1439,,85588
2025-04-24,054780,키이스트,4380,,76286
2025-04-24,060570,드림어스컴퍼니,7950,,13312
2025-04-24,063440,에스엠라이프디자인그룹,1533,,140813
2025-04-24,376300,디어유,41550,,131336
2025-04-25,041510,에스엠,117000,,181369
2025-04-25,048550,에스엠컬처앤콘텐츠,1440,,391023
2025-04-25,054780,키이스트,4415,,25545
2025-04-25,060570,드림어스컴퍼니,8240,,11241
2025-04-25,063440,에스엠라이프디자인그룹,1536,,127335
2025-04-25,376300,디어유,44000,,589427
2025-04-28,041510,에스엠,119000,,123086
2025-04-28,048550,에스엠컬처앤콘텐츠,1425,,182578
2025-04-28,054780,키이스트,4395,,54917
2025-04-28,060570,드림어스컴퍼니,8060,,21898
2025-04-28,063440,에스엠라이프디자인그룹,1514,,179340
2025-04-28,376300,디어유,46950,,519262
2025-04-29,041510,에스엠,120800,,157616
2025-04-29,048550,에스엠컬처앤콘텐츠,1431,,162794
2025-04-29,054780,키이스트,4395,,16377
2025-04-29,060570,드림어스컴퍼니,8175,,22119
2025-04-29,063440,에스엠라이프디자인그룹,1511,,111751
2025-04-29,376300,디어유,46900,,256768
2025-04-30,041510,에스엠,123900,,174468
2025-04-30,048550,에스엠컬처앤콘텐츠,1470,,401480
2025-04-30,054780,키이스트,4420,,29000
2025-04-30,060570,드림어스컴퍼니,8100,,14101
2025-04-30,063440,에스엠라이프디자인그룹,1533,,313862
2025-04-30,376300,디어유,47550,,229427
2025-05-02,041510,에스엠,127500,,258128
2025-05-02,048550,에스엠컬처앤콘텐츠,1449,,417801
2025-05-02,054780,키이스트,4340,,48377
2025-05-02,060570,드림어스컴퍼니,8370,,112204
2025-05-02,063440,에스엠라이프디자인그룹,1523,,104139
2025-05-02,376300,디어유,47300,,181866
2025-05-07,041510,에스엠,125500,,476207
2025-05-07,048550,에스엠컬처앤콘텐츠,1456,,120626
2025-05-07,054780,키이스트,4365,,27080
2025-05-07,060570,드림어스컴퍼니,8500,,26579
2025-05-07,063440,에스엠라이프디자인그룹,1506,,215320
2025-05-07,376300,디어유,47700,,266668
2025-05-08,041510,에스엠,122500,,325783
2025-05-08,048550,에스엠컬처앤콘텐츠,1458,,332126
2025-05-08,054780,키이스트,4350,,19967
2025-05-08,060570,드림어스컴퍼니,8340,,13654
2025-05-08,063440,에스엠라이프디자인그룹,1525,,121981
2025-05-08,376300,디어유,48500,,208363
2025-05-09,041510,에스엠,126300,,220379
2025-05-09,048550,에스엠컬처앤콘텐츠,1463,,173595
2025-05-09,054780,키이스트,4305,,34438
2025-05-09,060570,드림어스컴퍼니,8295,,11263
2025-05-09,063440,에스엠라이프디자인그룹,1499,,162924
2025-05-09,376300,디어유,45550,,668143
2025-05-12,041510,에스엠,119900,,277973
2025-05-12,048550,에스엠컬처앤콘텐츠,1459,,202128
2025-05-12,054780,키이스트,4330,,22643
2025-05-12,060570,드림어스컴퍼니,8500,,11262
2025-05-12,063440,에스엠라이프디자인그룹,1493,,91627
2025-05-12,376300,디어유,43600,,220690
2025-05-13,041510,에스엠,121100,,142385
2025-05-13,048550,에스엠컬처앤콘텐츠,1442,,182463
2025-05-13,054780,키이스트,4290,,26679
2025-05-13,060570,드림어스컴퍼니,8520,,15280
2025-05-13,063440,에스엠라이프디자인그룹,1485,,101070
2025-05-13,376300,디어유,44300,,195628
2025-05-14,041510,에스엠,124400,,153667
2025-05-14,048550,에스엠컬처앤콘텐츠,1441,,144586
2025-05-14,054780,키이스트,4295,,26665
2025-05-14,060570,드림어스컴퍼니,8400,,25776
2025-05-14,063440,에스엠라이프디자인그룹,1495,,72498
2025-05-14,376300,디어유,46500,,285730
2025-05-15,041510,에스엠,120500,,149352
2025-05-15,048550,에스엠컬처앤콘텐츠,1425,,235119
2025-05-15,054780,키이스트,4255,,24938
2025-05-15,060570,드림어스컴퍼니,8545,,20816
2025-05-15,063440,에스엠라이프디자인그룹,1495,,311961
2025-05-15,376300,디어유,46450,,202510
2025-05-16,041510,에스엠,119700,,164024
2025-05-16,048550,에스엠컬처앤콘텐츠,1370,,402168
2025-05-16,054780,키이스트,4050,,100406
2025-05-16,060570,드림어스컴퍼니,8500,,39134
2025-05-16,063440,에스엠라이프디자인그룹,1497,,369469
2025-05-16,376300,디어유,50000,,788814
2025-05-19,041510,에스엠,118900,,102210
2025-05-19,048550,에스엠컬처앤콘텐츠,1356,,140370
2025-05-19,054780,키이스트,4000,,26232
2025-05-19,060570,드림어스컴퍼니,8550,,27648
2025-05-19,063440,에스엠라이프디자인그룹,1480,,67848
2025-05-19,376300,디어유,48900,,236430
2025-05-20,041510,에스엠,120600,,131850
2025-05-20,048550,에스엠컬처앤콘텐츠,1369,,330161
2025-05-20,054780,키이스트,4035,,20947
2025-05-20,060570,드림어스컴퍼니,8935,,35550
2025-05-20,063440,에스엠라이프디자인그룹,1500,,68419
2025-05-20,376300,디어유,50600,,461110
2025-05-21,041510,에스엠,123800,,181852
2025-05-21,048550,에스엠컬처앤콘텐츠,1368,,95088
2025-05-21,054780,키이스트,4100,,12910
2025-05-21,060570,드림어스컴퍼니,9425,,99245
2025-05-21,063440,에스엠라이프디자인그룹,1506,,53242
2025-05-21,376300,디어유,50300,,128535
2025-05-22,041510,에스엠,126800,,139142
2025-05-22,048550,에스엠컬처앤콘텐츠,1370,,112153
2025-05-22,054780,키이스트,4045,,16618
2025-05-22,060570,드림어스컴퍼니,10050,,1718436
2025-05-22,063440,에스엠라이프디자인그룹,1510,,64611
2025-05-22,376300,디어유,50000,,154106
2025-05-23,041510,에스엠,132400,,268948
2025-05-23,048550,에스엠컬처앤콘텐츠,1379,,129432
2025-05-23,054780,키이스트,4045,,35966
2025-05-23,060570,드림어스컴퍼니,9700,,169248
2025-05-23,063440,에스엠라이프디자인그룹,1552,,352266
2025-05-23,376300,디어유,53200,,515737
2025-05-26,041510,에스엠,132700,,234216
2025-05-26,048550,에스엠컬처앤콘텐츠,1359,,155630
2025-05-26,054780,키이스트,4160,,17503
2025-05-26,060570,드림어스컴퍼니,9760,,62771
2025-05-26,063440,에스엠라이프디자인그룹,1547,,158956
2025-05-26,376300,디어유,52900,,221105
2025-05-27,041510,에스엠,129900,,325267
2025-05-27,048550,에스엠컬처앤콘텐츠,1353,,107250
2025-05-27,054780,키이스트,4110,,9010
2025-05-27,060570,드림어스컴퍼니,9580,,53472
2025-05-27,063440,에스엠라이프디자인그룹,1529,,89599
2025-05-27,376300,디어유,51800,,443359
2025-05-28,041510,에스엠,127900,,2692052
2025-05-28,048550,에스엠컬처앤콘텐츠,1381,,435084
2025-05-28,054780,키이스트,4130,,19641
2025-05-28,060570,드림어스컴퍼니,9750,,38866
2025-05-28,063440,에스엠라이프디자인그룹,1541,,538388
2025-05-28,376300,디어유,51300,,1143402
2025-05-29,041510,에스엠,137400,,375434
2025-05-29,048550,에스엠컬처앤콘텐츠,1378,,133365
2025-05-29,054780,키이스트,4130,,14191
2025-05-29,060570,드림어스컴퍼니,9540,,43699
2025-05-29,063440,에스엠라이프디자인그룹,1565,,169655
2025-05-29,376300,디어유,55600,,470711
2025-05-30,041510,에스엠,128300,,346370
2025-05-30,048550,에스엠컬처앤콘텐츠,1361,,179468
2025-05-30,054780,키이스트,4135,,11726
2025-05-30,060570,드림어스컴퍼니,9465,,58464
2025-05-30,063440,에스엠라이프디자인그룹,1522,,150743
2025-05-30,376300,디어유,54600,,468401
2025-06-02,041510,에스엠,129900,,168142
2025-06-02,048550,에스엠컬처앤콘텐츠,1382,,188496
2025-06-02,054780,키이스트,4150,,9803
2025-06-02,060570,드림어스컴퍼니,9445,,81666
2025-06-02,063440,에스엠라이프디자인그룹,1545,,74265
2025-06-02,376300,디어유,52700,,300566
2025-06-04,041510,에스엠,128100,,187778
2025-06-04,048550,에스엠컬처앤콘텐츠,1405,,206048
2025-06-04,054780,키이스트,4220,,19545
2025-06-04,060570,드림어스컴퍼니,9305,,99123
2025-06-04,063440,에스엠라이프디자인그룹,1538,,165428
2025-06-04,376300,디어유,53500,,267927
2025-06-05,041510,에스엠,134400,,262324
2025-06-05,048550,에스엠컬처앤콘텐츠,1428,,263957
2025-06-05,054780,키이스트,4200,,62777
2025-06-05,060570,드림어스컴퍼니,9705,,132246
2025-06-05,063440,에스엠라이프디자인그룹,1540,,132038
2025-06-05,376300,디어유,54400,,222687
2025-06-09,041510,에스엠,138200,,179262
2025-06-09,048550,에스엠컬처앤콘텐츠,1459,,285307
2025-06-09,054780,키이스트,4285,,43407
2025-06-09,060570,드림어스컴퍼니,9625,,46410
2025-06-09,063440,에스엠라이프디자인그룹,1561,,241421
2025-06-09,376300,디어유,55400,,247521
2025-06-10,041510,에스엠,140900,,196111
2025-06-10,048550,에스엠컬처앤콘텐츠,1490,,553498
2025-06-10,054780,키이스트,4360,,115209
2025-06-10,060570,드림어스컴퍼니,9535,,22842
2025-06-10,063440,에스엠라이프디자인그룹,1588,,494234
2025-06-10,376300,디어유,56400,,250912
2025-06-11,041510,에스엠,139600,,150176
2025-06-11,048550,에스엠컬처앤콘텐츠,1481,,301838
2025-06-11,054780,키이스트,4350,,57707
2025-06-11,060570,드림어스컴퍼니,9425,,26890
2025-06-11,063440,에스엠라이프디자인그룹,1601,,282494
2025-06-11,376300,디어유,53800,,391773
2025-06-12,041510,에스엠,137500,,265860
2025-06-12,048550,에스엠컬처앤콘텐츠,1475,,168646
2025-06-12,054780,키이스트,4290,,53240
2025-06-12,060570,드림어스컴퍼니,8760,,152392
2025-06-12,063440,에스엠라이프디자인그룹,1601,,186701
2025-06-12,376300,디어유,53300,,200894
2025-06-13,041510,에스엠,132300,,332346
2025-06-13,048550,에스엠컬처앤콘텐츠,1451,,282844
2025-06-13,054780,키이스트,4190,,175131
2025-06-13,060570,드림어스컴퍼니,9050,,111516
2025-06-13,063440,에스엠라이프디자인그룹,1569,,349500
2025-06-13,376300,디어유,52200,,305811
2025-06-16,041510,에스엠,135500,,131393
2025-06-16,048550,에스엠컬처앤콘텐츠,1446,,229686
2025-06-16,054780,키이스트,4185,,27493
2025-06-16,060570,드림어스컴퍼니,8800,,35825
2025-06-16,063440,에스엠라이프디자인그룹,1572,,140398
2025-06-16,376300,디어유,53300,,143580
2025-06-17,041510,에스엠,135300,,136315
2025-06-17,048550,에스엠컬처앤콘텐츠,1440,,232928
2025-06-17,054780,키이스트,4150,,33205
2025-06-17,060570,드림어스컴퍼니,8695,,37593
2025-06-17,063440,에스엠라이프디자인그룹,1535,,227054
2025-06-17,376300,디어유,54000,,254810
2025-06-18,041510,에스엠,134900,,123655
2025-06-18,048550,에스엠컬처앤콘텐츠,1439,,148911
2025-06-18,054780,키이스트,4165,,23241
2025-06-18,060570,드림어스컴퍼니,8685,,16956
2025-06-18,063440,에스엠라이프디자인그룹,1544,,136629
2025-06-18,376300,디어유,55400,,289223
2025-06-19,041510,에스엠,135000,,161661
2025-06-19,048550,에스엠컬처앤콘텐츠,1473,,1116272
2025-06-19,054780,키이스트,4730,,8634310
2025-06-19,060570,드림어스컴퍼니,8650,,26332
2025-06-19,063440,에스엠라이프디자인그룹,1585,,534334
2025-06-19,376300,디어유,56400,,339024
2025-06-20,041510,에스엠,138200,,136711
2025-06-20,048550,에스엠컬처앤콘텐츠,1503,,525455
2025-06-20,054780,키이스트,4620,,706924
2025-06-20,060570,드림어스컴퍼니,8685,,22569
2025-06-20,063440,에스엠라이프디자인그룹,1611,,296230
2025-06-20,376300,디어유,57800,,192477
2025-06-23,041510,에스엠,133300,,197642
2025-06-23,048550,에스엠컬처앤콘텐츠,1461,,290571
2025-06-23,054780,키이스트,4545,,385729
2025-06-23,060570,드림어스컴퍼니,8630,,26744
2025-06-23,063440,에스엠라이프디자인그룹,1584,,202205
2025-06-23,376300,디어유,54600,,354666
2025-06-24,041510,에스엠,135800,,175868
2025-06-24,048550,에스엠컬처앤콘텐츠,1491,,362743
2025-06-24,054780,키이스트,4530,,218359
2025-06-24,060570,드림어스컴퍼니,8660,,23608
2025-06-24,063440,에스엠라이프디자인그룹,1608,,247330
2025-06-24,376300,디어유,56400,,283368
2025-06-25,041510,에스엠,134500,,134234
2025-06-25,048550,에스엠컬처앤콘텐츠,1471,,229556
2025-06-25,054780,키이스트,4445,,161578
2025-06-25,060570,드림어스컴퍼니,8755,,16093
2025-06-25,063440,에스엠라이프디자인그룹,1616,,352313
2025-06-25,376300,디어유,51800,,506573
2025-06-26,041510,에스엠,133800,,108969
2025-06-26,048550,에스엠컬처앤콘텐츠,1439,,303264
2025-06-26,054780,키이스트,4370,,109116
2025-06-26,060570,드림어스컴퍼니,8570,,19768
2025-06-26,063440,에스엠라이프디자인그룹,1615,,313389
2025-06-26,376300,디어유,53400,,351462
2025-06-27,041510,에스엠,137500,,189327
2025-06-27,048550,에스엠컬처앤콘텐츠,1439,,276273
2025-06-27,054780,키이스트,4400,,119607
2025-06-27,060570,드림어스컴퍼니,8455,,20299
2025-06-27,063440,에스엠라이프디자인그룹,1597,,229404
2025-06-27,376300,디어유,62200,,1645635
2025-06-30,041510,에스엠,141000,,169026
2025-06-30,048550,에스엠컬처앤콘텐츠,1482,,710756
2025-06-30,054780,키이스트,4355,,124571
2025-06-30,060570,드림어스컴퍼니,9225,,288251
2025-06-30,063440,에스엠라이프디자인그룹,1595,,116384
2025-06-30,376300,디어유,61500,,318599
2025-07-01,041510,에스엠,143900,,182508
2025-07-01,048550,에스엠컬처앤콘텐츠,1490,,274953
2025-07-01,054780,키이스트,4365,,71306
2025-07-01,060570,드림어스컴퍼니,9715,,204315
2025-07-01,063440,에스엠라이프디자인그룹,1600,,76769
2025-07-01,376300,디어유,60200,,349166
2025-07-02,041510,에스엠,144500,,191240
2025-07-02,048550,에스엠컬처앤콘텐츠,1470,,234086
2025-07-02,054780,키이스트,4345,,111635
2025-07-02,060570,드림어스컴퍼니,9775,,52341
2025-07-02,063440,에스엠라이프디자인그룹,1603,,108515
2025-07-02,376300,디어유,57600,,452265
2025-07-03,041510,에스엠,135700,,235074
2025-07-03,048550,에스엠컬처앤콘텐츠,1482,,139687
2025-07-03,054780,키이스트,4365,,54637
2025-07-03,060570,드림어스컴퍼니,9420,,22079
2025-07-03,063440,에스엠라이프디자인그룹,1605,,118963
2025-07-03,376300,디어유,56400,,399333
2025-07-04,041510,에스엠,130500,,133931
2025-07-04,048550,에스엠컬처앤콘텐츠,1452,,179589
2025-07-04,054780,키이스트,4355,,51283
2025-07-04,060570,드림어스컴퍼니,9855,,44041
2025-07-04,063440,에스엠라이프디자인그룹,1605,,130851
2025-07-04,376300,디어유,54500,,277744
2025-07-07,041510,에스엠,129300,,116576
2025-07-07,048550,에스엠컬처앤콘텐츠,1466,,240976
2025-07-07,054780,키이스트,4325,,40406
2025-07-07,060570,드림어스컴퍼니,9470,,37369
2025-07-07,063440,에스엠라이프디자인그룹,1596,,76284
2025-07-07,376300,디어유,55900,,212726
2025-07-08,041510,에스엠,133400,,189231
2025-07-08,048550,에스엠컬처앤콘텐츠,1466,,399771
2025-07-08,054780,키이스트,4310,,2951843
2025-07-08,060570,드림어스컴퍼니,9535,,19963
2025-07-08,063440,에스엠라이프디자인그룹,1601,,96968
2025-07-08,376300,디어유,61900,,631254
2025-07-09,041510,에스엠,133900,,118969
2025-07-09,048550,에스엠컬처앤콘텐츠,1490,,179045
2025-07-09,054780,키이스트,4365,,112575
2025-07-09,060570,드림어스컴퍼니,9700,,21005
2025-07-09,063440,에스엠라이프디자인그룹,1609,,105142
2025-07-09,376300,디어유,61100,,198020
2025-07-10,041510,에스엠,133800,,147277
2025-07-10,048550,에스엠컬처앤콘텐츠,1452,,444435
2025-07-10,054780,키이스트,4395,,101097
2025-07-10,060570,드림어스컴퍼니,9690,,33613
2025-07-10,063440,에스엠라이프디자인그룹,1599,,137401
2025-07-10,376300,디어유,60600,,165518
2025-07-11,041510,에스엠,136200,,163359
2025-07-11,048550,에스엠컬처앤콘텐츠,1449,,215531
2025-07-11,054780,키이스트,4435,,93931
2025-07-11,060570,드림어스컴퍼니,9680,,18152
2025-07-11,063440,에스엠라이프디자인그룹,1589,,139064
2025-07-11,376300,디어유,59700,,139215
2025-07-14,041510,에스엠,134400,,119379
2025-07-14,048550,에스엠컬처앤콘텐츠,1456,,157984
2025-07-14,054780,키이스트,4475,,88346
2025-07-14,060570,드림어스컴퍼니,9715,,22345
2025-07-14,063440,에스엠라이프디자인그룹,1580,,123472
2025-07-14,376300,디어유,58700,,78904
2025-07-15,041510,에스엠,133700,,127673
2025-07-15,048550,에스엠컬처앤콘텐츠,1440,,251514
2025-07-15,054780,키이스트,4500,,95463
2025-07-15,060570,드림어스컴퍼니,9500,,30399
2025-07-15,063440,에스엠라이프디자인그룹,1577,,111077
2025-07-15,376300,디어유,57300,,215627
2025-07-16,041510,에스엠,130800,,91676
2025-07-16,048550,에스엠컬처앤콘텐츠,1405,,340095
2025-07-16,054780,키이스트,4430,,64910
2025-07-16,060570,드림어스컴퍼니,9635,,22688
2025-07-16,063440,에스엠라이프디자인그룹,1554,,118795
2025-07-16,376300,디어유,55900,,183765
2025-07-17,041510,에스엠,131700,,100345
2025-07-17,048550,에스엠컬처앤콘텐츠,1410,,156715
2025-07-17,054780,키이스트,4455,,71909
2025-07-17,060570,드림어스컴퍼니,9650,,9999
2025-07-17,063440,에스엠라이프디자인그룹,1565,,64419
2025-07-17,376300,디어유,55900,,152766
2025-07-18,041510,에스엠,130700,,64506
2025-07-18,048550,에스엠컬처앤콘텐츠,1391,,206725
2025-07-18,054780,키이스트,4415,,62995
2025-07-18,060570,드림어스컴퍼니,9660,,6821
2025-07-18,063440,에스엠라이프디자인그룹,1559,,78437
2025-07-18,376300,디어유,54500,,181063
2025-07-21,041510,에스엠,139800,,272368
2025-07-21,048550,에스엠컬처앤콘텐츠,1401,,186410
2025-07-21,054780,키이스트,4510,,92352
2025-07-21,060570,드림어스컴퍼니,9700,,20369
2025-07-21,063440,에스엠라이프디자인그룹,1568,,73100
2025-07-21,376300,디어유,54700,,256941
2025-07-22,041510,에스엠,138200,,102939
2025-07-22,048550,에스엠컬처앤콘텐츠,1383,,183560
2025-07-22,054780,키이스트,4430,,113686
2025-07-22,060570,드림어스컴퍼니,9520,,39657
2025-07-22,063440,에스엠라이프디자인그룹,1550,,106042
2025-07-22,376300,디어유,51900,,383503
2025-07-23,041510,에스엠,133100,,122167
2025-07-23,048550,에스엠컬처앤콘텐츠,1369,,166887
2025-07-23,054780,키이스트,4405,,82315
2025-07-23,060570,드림어스컴퍼니,9355,,568280
2025-07-23,063440,에스엠라이프디자인그룹,1537,,48592
2025-07-23,376300,디어유,50900,,349784
2025-07-24,041510,에스엠,131100,,125464
2025-07-24,048550,에스엠컬처앤콘텐츠,1368,,251808
2025-07-24,054780,키이스트,4335,,69265
2025-07-24,060570,드림어스컴퍼니,10100,,1529318
2025-07-24,063440,에스엠라이프디자인그룹,1510,,98415
2025-07-24,376300,디어유,50400,,318429
2025-07-25,041510,에스엠,124700,,243837
2025-07-25,048550,에스엠컬처앤콘텐츠,1354,,178794
2025-07-25,054780,키이스트,4290,,74031
2025-07-25,060570,드림어스컴퍼니,9655,,220466
2025-07-25,063440,에스엠라이프디자인그룹,1511,,56606
2025-07-25,376300,디어유,48500,,250706
2025-07-28,041510,에스엠,121500,,213757
2025-07-28,048550,에스엠컬처앤콘텐츠,1336,,170332
2025-07-28,054780,키이스트,4170,,131551
2025-07-28,060570,드림어스컴퍼니,9350,,86826
2025-07-28,063440,에스엠라이프디자인그룹,1498,,159411
2025-07-28,376300,디어유,47750,,231076
2025-07-29,041510,에스엠,123200,,132607
2025-07-29,048550,에스엠컬처앤콘텐츠,1333,,94675
2025-07-29,054780,키이스트,4075,,93803
2025-07-29,060570,드림어스컴퍼니,9565,,80298
2025-07-29,063440,에스엠라이프디자인그룹,1498,,49522
2025-07-29,376300,디어유,49000,,193548
2025-07-30,041510,에스엠,123500,,144654
2025-07-30,048550,에스엠컬처앤콘텐츠,1337,,45536
2025-07-30,054780,키이스트,4120,,71129
2025-07-30,060570,드림어스컴퍼니,10700,,310807
2025-07-30,063440,에스엠라이프디자인그룹,1498,,48932
2025-07-30,376300,디어유,48400,,232852
2025-07-31,041510,에스엠,133100,,378632
2025-07-31,048550,에스엠컬처앤콘텐츠,1368,,168756
2025-07-31,054780,키이스트,4270,,85832
2025-07-31,060570,드림어스컴퍼니,11125,,191440
2025-07-31,063440,에스엠라이프디자인그룹,1518,,77893
2025-07-31,376300,디어유,49350,,296808
2025-08-01,041510,에스엠,129500,,186089
2025-08-01,048550,에스엠컬처앤콘텐츠,1317,,194685
2025-08-01,054780,키이스트,4125,,58167
2025-08-01,060570,드림어스컴퍼니,10975,,71066
2025-08-01,063440,에스엠라이프디자인그룹,1480,,99961
2025-08-01,376300,디어유,46250,,260940
2025-08-04,041510,에스엠,135600,,166388
2025-08-04,048550,에스엠컬처앤콘텐츠,1325,,99562
2025-08-04,054780,키이스트,4145,,24523
2025-08-04,060570,드림어스컴퍼니,11750,,97202
2025-08-04,063440,에스엠라이프디자인그룹,1480,,71910
2025-08-04,376300,디어유,47500,,146366
2025-08-05,041510,에스엠,135500,,188167
2025-08-05,048550,에스엠컬처앤콘텐츠,1344,,156183
2025-08-05,054780,키이스트,4155,,21079
2025-08-05,060570,드림어스컴퍼니,11075,,116760
2025-08-05,063440,에스엠라이프디자인그룹,1556,,295538
2025-08-05,376300,디어유,47600,,143760
2025-08-06,041510,에스엠,137400,,658916
2025-08-06,048550,에스엠컬처앤콘텐츠,1365,,212113
2025-08-06,054780,키이스트,4215,,13428
2025-08-06,060570,드림어스컴퍼니,10950,,27445
2025-08-06,063440,에스엠라이프디자인그룹,1558,,118392
2025-08-06,376300,디어유,51500,,846662
2025-08-07,041510,에스엠,134400,,404879
2025-08-07,048550,에스엠컬처앤콘텐츠,1382,,161903
2025-08-07,054780,키이스트,4245,,28675
2025-08-07,060570,드림어스컴퍼니,11000,,25471
2025-08-07,063440,에스엠라이프디자인그룹,1555,,49396
2025-08-07,376300,디어유,51700,,246851
2025-08-08,041510,에스엠,140200,,247603
2025-08-08,048550,에스엠컬처앤콘텐츠,1371,,134703
2025-08-08,054780,키이스트,4255,,678253
2025-08-08,060570,드림어스컴퍼니,10800,,32830
2025-08-08,063440,에스엠라이프디자인그룹,1587,,165838
2025-08-08,376300,디어유,52600,,273969
2025-08-11,041510,에스엠,147300,,306446
2025-08-11,048550,에스엠컬처앤콘텐츠,1373,,221130
2025-08-11,054780,키이스트,4290,,71374
2025-08-11,060570,드림어스컴퍼니,11150,,71496
2025-08-11,063440,에스엠라이프디자인그룹,1625,,325483
2025-08-11,376300,디어유,53700,,270305
2025-08-12,041510,에스엠,145700,,155510
2025-08-12,048550,에스엠컬처앤콘텐츠,1354,,101886
2025-08-12,054780,키이스트,4290,,46327
2025-08-12,060570,드림어스컴퍼니,10725,,30832
2025-08-12,063440,에스엠라이프디자인그룹,1625,,192267
2025-08-12,376300,디어유,52000,,159693
2025-08-13,041510,에스엠,143500,,409087
2025-08-13,048550,에스엠컬처앤콘텐츠,1348,,161804
2025-08-13,054780,키이스트,4210,,32204
2025-08-13,060570,드림어스컴퍼니,10450,,30297
2025-08-13,063440,에스엠라이프디자인그룹,1631,,180084
2025-08-13,376300,디어유,51600,,194530
2025-08-14,041510,에스엠,148600,,286846
2025-08-14,048550,에스엠컬처앤콘텐츠,1361,,116769
2025-08-14,054780,키이스트,4230,,21748
2025-08-14,060570,드림어스컴퍼니,10225,,28026
2025-08-14,063440,에스엠라이프디자인그룹,1638,,158991
2025-08-14,376300,디어유,52400,,127932
2025-08-18,041510,에스엠,147400,,177907
2025-08-18,048550,에스엠컬처앤콘텐츠,1351,,67198
2025-08-18,054780,키이스트,4200,,36637
2025-08-18,060570,드림어스컴퍼니,10000,,34664
2025-08-18,063440,에스엠라이프디자인그룹,1650,,142663
2025-08-18,376300,디어유,51700,,115009
2025-08-19,041510,에스엠,148200,,304769
2025-08-19,048550,에스엠컬처앤콘텐츠,1516,,37171947
2025-08-19,054780,키이스트,4340,,1510983
2025-08-19,060570,드림어스컴퍼니,10175,,19537
2025-08-19,063440,에스엠라이프디자인그룹,1609,,1385378
2025-08-19,376300,디어유,52300,,328014
2025-08-20,041510,에스엠,150900,,237298
2025-08-20,048550,에스엠컬처앤콘텐츠,1496,,16476694
2025-08-20,054780,키이스트,4270,,159607
2025-08-20,060570,드림어스컴퍼니,10125,,20574
2025-08-20,063440,에스엠라이프디자인그룹,1593,,247099
2025-08-20,376300,디어유,52100,,147081
2025-08-21,041510,에스엠,149500,,148835
2025-08-21,048550,에스엠컬처앤콘텐츠,1450,,2316315
2025-08-21,054780,키이스트,4330,,234086
2025-08-21,060570,드림어스컴퍼니,10025,,14459
2025-08-21,063440,에스엠라이프디자인그룹,1593,,93140
2025-08-21,376300,디어유,52700,,151264
2025-08-22,041510,에스엠,144400,,292770
2025-08-22,048550,에스엠컬처앤콘텐츠,1443,,4031880
2025-08-22,054780,키이스트,4285,,51138
2025-08-22,060570,드림어스컴퍼니,9780,,50210
2025-08-22,063440,에스엠라이프디자인그룹,1604,,82805
2025-08-22,376300,디어유,51400,,108010
2025-08-25,041510,에스엠,144100,,128469
2025-08-25,048550,에스엠컬처앤콘텐츠,1440,,771713
2025-08-25,054780,키이스트,4305,,41708
2025-08-25,060570,드림어스컴퍼니,9810,,29974
2025-08-25,063440,에스엠라이프디자인그룹,1583,,104064
2025-08-25,376300,디어유,53700,,252560
2025-08-26,041510,에스엠,145300,,289291
2025-08-26,048550,에스엠컬처앤콘텐츠,1430,,829886
2025-08-26,054780,키이스트,4300,,49897
2025-08-26,060570,드림어스컴퍼니,9690,,10518
2025-08-26,063440,에스엠라이프디자인그룹,1583,,64704
2025-08-26,376300,디어유,57200,,806210
2025-08-27,041510,에스엠,144000,,127048
2025-08-27,048550,에스엠컬처앤콘텐츠,1394,,794769
2025-08-27,054780,키이스트,4240,,76452
2025-08-27,060570,드림어스컴퍼니,9735,,19106
2025-08-27,063440,에스엠라이프디자인그룹,1579,,68273
2025-08-27,376300,디어유,54800,,292293
2025-08-28,041510,에스엠,139300,,339191
2025-08-28,048550,에스엠컬처앤콘텐츠,1393,,412741
2025-08-28,054780,키이스트,4175,,53212
2025-08-28,060570,드림어스컴퍼니,10150,,37820
2025-08-28,063440,에스엠라이프디자인그룹,1569,,53350
2025-08-28,376300,디어유,50300,,534165
2025-08-29,041510,에스엠,138800,,133625
2025-08-29,048550,에스엠컬처앤콘텐츠,1371,,306312
2025-08-29,054780,키이스트,4080,,83908
2025-08-29,060570,드림어스컴퍼니,8780,,114418
2025-08-29,063440,에스엠라이프디자인그룹,1567,,118367
2025-08-29,376300,디어유,49450,,145026
2025-09-01,041510,에스엠,140400,,172881
2025-09-01,048550,에스엠컬처앤콘텐츠,1358,,240092
2025-09-01,054780,키이스트,4065,,49247
2025-09-01,060570,드림어스컴퍼니,8920,,50281
2025-09-01,063440,에스엠라이프디자인그룹,1527,,138785
2025-09-01,376300,디어유,50300,,168900
2025-09-02,041510,에스엠,137100,,111818
2025-09-02,048550,에스엠컬처앤콘텐츠,1361,,241746
2025-09-02,054780,키이스트,4070,,45289
2025-09-02,060570,드림어스컴퍼니,8700,,38516
2025-09-02,063440,에스엠라이프디자인그룹,1535,,83130
2025-09-02,376300,디어유,50300,,85227
2025-09-03,041510,에스엠,135700,,113078
2025-09-03,048550,에스엠컬처앤콘텐츠,1363,,291172
2025-09-03,054780,키이스트,4090,,34750
2025-09-03,060570,드림어스컴퍼니,8890,,20427
2025-09-03,063440,에스엠라이프디자인그룹,1567,,48062
2025-09-03,376300,디어유,49700,,78186
2025-09-04,041510,에스엠,136200,,95603
2025-09-04,048550,에스엠컬처앤콘텐츠,1380,,352685
2025-09-04,054780,키이스트,4100,,12370
2025-09-04,060570,드림어스컴퍼니,8920,,15559
2025-09-04,063440,에스엠라이프디자인그룹,1559,,68019
2025-09-04,376300,디어유,49050,,73489
2025-09-05,041510,에스엠,140100,,177674
2025-09-05,048550,에스엠컬처앤콘텐츠,1375,,289752
2025-09-05,054780,키이스트,4270,,121237
2025-09-05,060570,드림어스컴퍼니,8930,,14847
2025-09-05,063440,에스엠라이프디자인그룹,1642,,361083
2025-09-05,376300,디어유,48600,,147202
2025-09-08,041510,에스엠,142800,,100421
2025-09-08,048550,에스엠컬처앤콘텐츠,1355,,271548
2025-09-08,054780,키이스트,4375,,161165
2025-09-08,060570,드림어스컴퍼니,9125,,25475
2025-09-08,063440,에스엠라이프디자인그룹,1607,,140891
2025-09-08,376300,디어유,49500,,175906
2025-09-09,041510,에스엠,138800,,181408
2025-09-09,048550,에스엠컬처앤콘텐츠,1355,,184807
2025-09-09,054780,키이스트,4350,,55292
2025-09-09,060570,드림어스컴퍼니,9245,,27630
2025-09-09,063440,에스엠라이프디자인그룹,1603,,103415
2025-09-09,376300,디어유,49350,,101586
2025-09-10,041510,에스엠,142700,,187972
2025-09-10,048550,에스엠컬처앤콘텐츠,1369,,202695
2025-09-10,054780,키이스트,4540,,166940
2025-09-10,060570,드림어스컴퍼니,9475,,19633
2025-09-10,063440,에스엠라이프디자인그룹,1608,,78654
2025-09-10,376300,디어유,48000,,374921
2025-09-11,041510,에스엠,142800,,213526
2025-09-11,048550,에스엠컬처앤콘텐츠,1358,,185305
2025-09-11,054780,키이스트,4540,,70789
2025-09-11,060570,드림어스컴퍼니,9340,,7951
2025-09-11,063440,에스엠라이프디자인그룹,1608,,58920
2025-09-11,376300,디어유,47200,,293550
2025-09-12,041510,에스엠,143200,,91504
2025-09-12,048550,에스엠컬처앤콘텐츠,1366,,203743
2025-09-12,054780,키이스트,4585,,76877
2025-09-12,060570,드림어스컴퍼니,9280,,39230
2025-09-12,063440,에스엠라이프디자인그룹,1614,,69098
2025-09-12,376300,디어유,48000,,127754
2025-09-15,041510,에스엠,141600,,103825
2025-09-15,048550,에스엠컬처앤콘텐츠,1348,,270597
2025-09-15,054780,키이스트,4530,,155808
2025-09-15,060570,드림어스컴퍼니,9165,,13889
2025-09-15,063440,에스엠라이프디자인그룹,1616,,126081
2025-09-15,376300,디어유,46550,,282397
2025-09-16,041510,에스엠,142500,,93636
2025-09-16,048550,에스엠컬처앤콘텐츠,1358,,199233
2025-09-16,054780,키이스트,4600,,107484
2025-09-16,060570,드림어스컴퍼니,9425,,19081
2025-09-16,063440,에스엠라이프디자인그룹,1623,,76373
2025-09-16,376300,디어유,46750,,137673
2025-09-17,041510,에스엠,143500,,99661
2025-09-17,048550,에스엠컬처앤콘텐츠,1356,,159512
2025-09-17,054780,키이스트,4580,,85003
2025-09-17,060570,드림어스컴퍼니,9620,,8706
2025-09-17,063440,에스엠라이프디자인그룹,1632,,479050
2025-09-17,376300,디어유,46400,,148383
2025-09-18,041510,에스엠,146600,,119243
2025-09-18,048550,에스엠컬처앤콘텐츠,1358,,166156
2025-09-18,054780,키이스트,4590,,79020
2025-09-18,060570,드림어스컴퍼니,9450,,14791
2025-09-18,063440,에스엠라이프디자인그룹,1640,,176745
2025-09-18,376300,디어유,46500,,146430
2025-09-19,041510,에스엠,153000,,194941
2025-09-19,048550,에스엠컬처앤콘텐츠,1360,,236297
2025-09-19,054780,키이스트,4850,,471229
2025-09-19,060570,드림어스컴퍼니,9385,,11605
2025-09-19,063440,에스엠라이프디자인그룹,1650,,149597
2025-09-19,376300,디어유,46750,,204245
2025-09-22,041510,에스엠,145700,,176593
2025-09-22,048550,에스엠컬처앤콘텐츠,1363,,248275
2025-09-22,054780,키이스트,4630,,116265
2025-09-22,060570,드림어스컴퍼니,9255,,8822
2025-09-22,063440,에스엠라이프디자인그룹,1666,,594628
2025-09-22,376300,디어유,46250,,98940
2025-09-23,041510,에스엠,140100,,166458
2025-09-23,048550,에스엠컬처앤콘텐츠,1349,,272263
2025-09-23,054780,키이스트,4450,,138882
2025-09-23,060570,드림어스컴퍼니,9415,,11282
2025-09-23,063440,에스엠라이프디자인그룹,1681,,352272
2025-09-23,376300,디어유,45250,,145404
2025-09-24,041510,에스엠,137000,,139653
2025-09-24,048550,에스엠컬처앤콘텐츠,1346,,283060
2025-09-24,054780,키이스트,4490,,74800
2025-09-24,060570,드림어스컴퍼니,9350,,8204
2025-09-24,063440,에스엠라이프디자인그룹,1697,,205713
2025-09-24,376300,디어유,44900,,122729
2025-09-25,041510,에스엠,131900,,255019
2025-09-25,048550,에스엠컬처앤콘텐츠,1344,,130203
2025-09-25,054780,키이스트,5090,,1590799
2025-09-25,060570,드림어스컴퍼니,9290,,9474
2025-09-25,063440,에스엠라이프디자인그룹,1653,,215421
2025-09-25,376300,디어유,43300,,287825
2025-09-26,041510,에스엠,131700,,138716
2025-09-26,048550,에스엠컬처앤콘텐츠,1339,,274571
2025-09-26,054780,키이스트,4995,,580178
2025-09-26,060570,드림어스컴퍼니,9100,,27791
2025-09-26,063440,에스엠라이프디자인그룹,1651,,149758
2025-09-26,376300,디어유,44050,,198360
2025-09-29,041510,에스엠,132300,,77765
2025-09-29,048550,에스엠컬처앤콘텐츠,1322,,214999
2025-09-29,054780,키이스트,4950,,195283
2025-09-29,060570,드림어스컴퍼니,9050,,22399
2025-09-29,063440,에스엠라이프디자인그룹,1640,,118923
2025-09-29,376300,디어유,43350,,152026
2025-09-30,041510,에스엠,130000,,136238
2025-09-30,048550,에스엠컬처앤콘텐츠,1295,,307872
2025-09-30,054780,키이스트,4770,,238236
2025-09-30,060570,드림어스컴퍼니,8980,,10985
2025-09-30,063440,에스엠라이프디자인그룹,1636,,89053
2025-09-30,376300,디어유,43800,,128210
2025-10-01,041510,에스엠,128800,,113975
2025-10-01,048550,에스엠컬처앤콘텐츠,1298,,75616
2025-10-01,054780,키이스트,5030,,322321
2025-10-01,060570,드림어스컴퍼니,8965,,8771
2025-10-01,063440,에스엠라이프디자인그룹,1684,,226301
2025-10-01,376300,디어유,41900,,245002
2025-10-02,041510,에스엠,127100,,198125
2025-10-02,048550,에스엠컬처앤콘텐츠,1330,,244678
2025-10-02,054780,키이스트,5100,,321378
2025-10-02,060570,드림어스컴퍼니,8800,,18874
2025-10-02,063440,에스엠라이프디자인그룹,1714,,287443
2025-10-02,376300,디어유,42400,,220064
2025-10-10,041510,에스엠,126300,,178626
2025-10-10,048550,에스엠컬처앤콘텐츠,1311,,228423
2025-10-10,054780,키이스트,5500,,433238
2025-10-10,060570,드림어스컴퍼니,8645,,10226
2025-10-10,063440,에스엠라이프디자인그룹,1699,,191367
2025-10-10,376300,디어유,41700,,117716
2025-10-13,041510,에스엠,129700,,164657
2025-10-13,048550,에스엠컬처앤콘텐츠,1283,,272698
2025-10-13,054780,키이스트,5310,,222523
2025-10-13,060570,드림어스컴퍼니,8345,,27908
2025-10-13,063440,에스엠라이프디자인그룹,1700,,209700
2025-10-13,376300,디어유,42700,,122030
2025-10-14,041510,에스엠,121300,,216238
2025-10-14,048550,에스엠컬처앤콘텐츠,1276,,200164
2025-10-14,054780,키이스트,5830,,469366
2025-10-14,060570,드림어스컴퍼니,8475,,13522
2025-10-14,063440,에스엠라이프디자인그룹,1673,,280167
2025-10-14,376300,디어유,40550,,251935
2025-10-15,041510,에스엠,121100,,151703
2025-10-15,048550,에스엠컬처앤콘텐츠,1290,,190912
2025-10-15,054780,키이스트,5760,,233850
2025-10-15,060570,드림어스컴퍼니,8695,,9789
2025-10-15,063440,에스엠라이프디자인그룹,1687,,110692
2025-10-15,376300,디어유,40700,,213098
2025-10-16,041510,에스엠,119200,,165360
2025-10-16,048550,에스엠컬처앤콘텐츠,1288,,158175
2025-10-16,054780,키이스트,6000,,844788
2025-10-16,060570,드림어스컴퍼니,8880,,428314
2025-10-16,063440,에스엠라이프디자인그룹,1658,,105330
2025-10-16,376300,디어유,39700,,307825
2025-10-17,041510,에스엠,116400,,176407
2025-10-17,048550,에스엠컬처앤콘텐츠,1260,,199549
2025-10-17,054780,키이스트,4905,,2046676
2025-10-17,060570,드림어스컴퍼니,8625,,73738
2025-10-17,063440,에스엠라이프디자인그룹,1604,,161083
2025-10-17,376300,디어유,37800,,424958
2025-10-20,041510,에스엠,118500,,123190
2025-10-20,048550,에스엠컬처앤콘텐츠,1284,,107956
2025-10-20,054780,키이스트,4830,,1031939
2025-10-20,060570,드림어스컴퍼니,8545,,12140
2025-10-20,063440,에스엠라이프디자인그룹,1627,,102205
2025-10-20,376300,디어유,37500,,181659
2025-10-21,041510,에스엠,119500,,123887
2025-10-21,048550,에스엠컬처앤콘텐츠,1468,,51009961
2025-10-21,054780,키이스트,4665,,553948
2025-10-21,060570,드림어스컴퍼니,8690,,21375
2025-10-21,063440,에스엠라이프디자인그룹,1666,,25889628
2025-10-21,376300,디어유,37500,,188777
2025-10-22,041510,에스엠,119000,,74858
2025-10-22,048550,에스엠컬처앤콘텐츠,1428,,8583796
2025-10-22,054780,키이스트,4950,,1011024
2025-10-22,060570,드림어스컴퍼니,8685,,30578
2025-10-22,063440,에스엠라이프디자인그룹,1663,,1127187
2025-10-22,376300,디어유,37150,,85753
2025-10-23,041510,에스엠,118800,,120311
2025-10-23,048550,에스엠컬처앤콘텐츠,1347,,2273807
2025-10-23,054780,키이스트,5000,,266724
2025-10-23,060570,드림어스컴퍼니,8405,,53172
2025-10-23,063440,에스엠라이프디자인그룹,1656,,548638
2025-10-23,376300,디어유,37100,,171678
2025-10-24,041510,에스엠,118100,,81268
2025-10-24,048550,에스엠컬처앤콘텐츠,1334,,1565095
2025-10-24,054780,키이스트,4950,,183517
2025-10-24,060570,드림어스컴퍼니,8400,,16164
2025-10-24,063440,에스엠라이프디자인그룹,1701,,532186
2025-10-24,376300,디어유,36700,,150624
2025-10-27,041510,에스엠,120900,,192236
2025-10-27,048550,에스엠컬처앤콘텐츠,1374,,2691063
2025-10-27,054780,키이스트,4900,,190868
2025-10-27,060570,드림어스컴퍼니,8490,,19938
2025-10-27,063440,에스엠라이프디자인그룹,1720,,450482
2025-10-27,376300,디어유,38650,,342152
2025-10-28,041510,에스엠,120600,,92020
2025-10-28,048550,에스엠컬처앤콘텐츠,1370,,681540
2025-10-28,054780,키이스트,5030,,127899
2025-10-28,060570,드림어스컴퍼니,8680,,10184
2025-10-28,063440,에스엠라이프디자인그룹,1726,,257133
2025-10-28,376300,디어유,39550,,188815
2025-10-29,041510,에스엠,118500,,127200
2025-10-29,048550,에스엠컬처앤콘텐츠,1345,,430190
2025-10-29,054780,키이스트,4930,,116919
2025-10-29,060570,드림어스컴퍼니,8565,,14827
2025-10-29,063440,에스엠라이프디자인그룹,1703,,210039
2025-10-29,376300,디어유,39150,,160179
2025-10-30,041510,에스엠,119400,,147566
2025-10-30,048550,에스엠컬처앤콘텐츠,1330,,673601
2025-10-30,054780,키이스트,4915,,134733
2025-10-30,060570,드림어스컴퍼니,8355,,10098
2025-10-30,063440,에스엠라이프디자인그룹,1651,,231878
2025-10-30,376300,디어유,39200,,207089
2025-10-31,041510,에스엠,119500,,151210
2025-10-31,048550,에스엠컬처앤콘텐츠,1326,,501056
2025-10-31,054780,키이스트,4800,,107844
2025-10-31,060570,드림어스컴퍼니,8285,,8643
2025-10-31,063440,에스엠라이프디자인그룹,1700,,365732
2025-10-31,376300,디어유,38250,,196667
2025-11-03,041510,에스엠,121000,,424068
2025-11-03,048550,에스엠컬처앤콘텐츠,1305,,750682
2025-11-03,054780,키이스트,4730,,111321
2025-11-03,060570,드림어스컴퍼니,8030,,24821
2025-11-03,063440,에스엠라이프디자인그룹,1666,,541324
2025-11-03,376300,디어유,38000,,234912
2025-11-04,041510,에스엠,117900,,156553
2025-11-04,048550,에스엠컬처앤콘텐츠,1305,,507195
2025-11-04,054780,키이스트,4770,,70359
2025-11-04,060570,드림어스컴퍼니,7755,,28408
2025-11-04,063440,에스엠라이프디자인그룹,1655,,211736
2025-11-04,376300,디어유,37550,,153484
2025-11-05,041510,에스엠,113500,,224442
2025-11-05,048550,에스엠컬처앤콘텐츠,1300,,458238
2025-11-05,054780,키이스트,4670,,125580
2025-11-05,060570,드림어스컴퍼니,7785,,14374
2025-11-05,063440,에스엠라이프디자인그룹,1672,,297969
2025-11-05,376300,디어유,36400,,271194
2025-11-06,041510,에스엠,106000,,524011
2025-11-06,048550,에스엠컬처앤콘텐츠,1297,,279197
2025-11-06,054780,키이스트,4555,,62395
2025-11-06,060570,드림어스컴퍼니,7895,,10715
2025-11-06,063440,에스엠라이프디자인그룹,1709,,526914
2025-11-06,376300,디어유,35850,,175909
2025-11-07,041510,에스엠,102600,,157108
2025-11-07,048550,에스엠컬처앤콘텐츠,1257,,503316
2025-11-07,054780,키이스트,4450,,88373
2025-11-07,060570,드림어스컴퍼니,7875,,12056
2025-11-07,063440,에스엠라이프디자인그룹,1689,,297952
2025-11-07,376300,디어유,34350,,159396
2025-11-10,041510,에스엠,102700,,161173
2025-11-10,048550,에스엠컬처앤콘텐츠,1274,,142831
2025-11-10,054780,키이스트,4380,,88717
2025-11-10,060570,드림어스컴퍼니,7975,,9543
2025-11-10,063440,에스엠라이프디자인그룹,1736,,504551
2025-11-10,376300,디어유,34400,,108352
2025-11-11,041510,에스엠,99400,,249460
2025-11-11,048550,에스엠컬처앤콘텐츠,1259,,281067
2025-11-11,054780,키이스트,4240,,190419
2025-11-11,060570,드림어스컴퍼니,8545,,17516
2025-11-11,063440,에스엠라이프디자인그룹,1694,,373353
2025-11-11,376300,디어유,34100,,83595
2025-11-12,041510,에스엠,99000,,150782
2025-11-12,048550,에스엠컬처앤콘텐츠,1272,,199163
2025-11-12,054780,키이스트,4270,,67562
2025-11-12,060570,드림어스컴퍼니,8440,,11739
2025-11-12,063440,에스엠라이프디자인그룹,1692,,290872
2025-11-12,376300,디어유,33900,,71263
2025-11-13,041510,에스엠,100800,,180283
2025-11-13,048550,에스엠컬처앤콘텐츠,1265,,171665
2025-11-13,054780,키이스트,4195,,70867
2025-11-13,060570,드림어스컴퍼니,8480,,76289
2025-11-13,063440,에스엠라이프디자인그룹,1671,,228166
2025-11-13,376300,디어유,34150,,75985
2025-11-14,041510,에스엠,101500,,143872
2025-11-14,048550,에스엠컬처앤콘텐츠,1256,,233267
2025-11-14,054780,키이스트,4150,,86797
2025-11-14,060570,드림어스컴퍼니,8600,,13372
2025-11-14,063440,에스엠라이프디자인그룹,1642,,163842
2025-11-14,376300,디어유,33150,,81697
2025-11-17,041510,에스엠,102600,,85571
2025-11-17,048550,에스엠컬처앤콘텐츠,1250,,181074
2025-11-17,054780,키이스트,4145,,50096
2025-11-17,060570,드림어스컴퍼니,8450,,13273
2025-11-17,063440,에스엠라이프디자인그룹,1627,,159601
2025-11-17,376300,디어유,32900,,83719
2025-11-18,041510,에스엠,104600,,295077
2025-11-18,048550,에스엠컬처앤콘텐츠,1218,,332702
2025-11-18,054780,키이스트,4015,,97509
2025-11-18,060570,드림어스컴퍼니,8195,,17593
2025-11-18,063440,에스엠라이프디자인그룹,1646,,346262
2025-11-18,376300,디어유,31650,,194162
2025-11-19,041510,에스엠,101300,,126843
2025-11-19,048550,에스엠컬처앤콘텐츠,1215,,200924
2025-11-19,054780,키이스트,4005,,56930
2025-11-19,060570,드림어스컴퍼니,8285,,7592
2025-11-19,063440,에스엠라이프디자인그룹,1670,,260332
2025-11-19,376300,디어유,31800,,83626
2025-11-20,041510,에스엠,105700,,136791
2025-11-20,048550,에스엠컬처앤콘텐츠,1247,,121580
2025-11-20,054780,키이스트,4075,,37833
2025-11-20,060570,드림어스컴퍼니,8300,,5748
2025-11-20,063440,에스엠라이프디자인그룹,1740,,521783
2025-11-20,376300,디어유,32850,,88505
2025-11-21,041510,에스엠,102000,,69629
2025-11-21,048550,에스엠컬처앤콘텐츠,1229,,135021
2025-11-21,054780,키이스트,3885,,79477
2025-11-21,060570,드림어스컴퍼니,7955,,10764
2025-11-21,063440,에스엠라이프디자인그룹,1730,,862341
2025-11-21,376300,디어유,31950,,52512
2025-11-24,041510,에스엠,100200,,131905
2025-11-24,048550,에스엠컬처앤콘텐츠,1232,,351793
2025-11-24,054780,키이스트,3685,,104091
2025-11-24,060570,드림어스컴퍼니,8005,,8375
2025-11-24,063440,에스엠라이프디자인그룹,1906,,4242738
2025-11-24,376300,디어유,31900,,83917
2025-11-25,041510,에스엠,96500,,145230
2025-11-25,048550,에스엠컬처앤콘텐츠,1219,,150601
2025-11-25,054780,키이스트,3680,,53976
2025-11-25,060570,드림어스컴퍼니,7825,,7022
2025-11-25,063440,에스엠라이프디자인그룹,1814,,1180390
2025-11-25,376300,디어유,31100,,87879
2025-11-26,041510,에스엠,99100,,72972
2025-11-26,048550,에스엠컬처앤콘텐츠,1231,,205357
2025-11-26,054780,키이스트,3885,,69528
2025-11-26,060570,드림어스컴퍼니,7935,,8385
2025-11-26,063440,에스엠라이프디자인그룹,1922,,807365
2025-11-26,376300,디어유,30900,,106673
2025-11-27,041510,에스엠,102300,,88220
2025-11-27,048550,에스엠컬처앤콘텐츠,1239,,122750
2025-11-27,054780,키이스트,4100,,108656
2025-11-27,060570,드림어스컴퍼니,7920,,9066
2025-11-27,063440,에스엠라이프디자인그룹,1948,,556853
2025-11-27,376300,디어유,31400,,91386
2025-11-28,041510,에스엠,108100,,200917
2025-11-28,048550,에스엠컬처앤콘텐츠,1274,,271020
2025-11-28,054780,키이스트,4425,,245322
2025-11-28,060570,드림어스컴퍼니,8250,,13776
2025-11-28,063440,에스엠라이프디자인그룹,2080,,1644951
2025-11-28,376300,디어유,33850,,283220
2025-12-01,041510,에스엠,107400,,140544
2025-12-01,048550,에스엠컬처앤콘텐츠,1266,,157824
2025-12-01,054780,키이스트,4385,,93516
2025-12-01,060570,드림어스컴퍼니,8000,,9643
2025-12-01,063440,에스엠라이프디자인그룹,2080,,659001
2025-12-01,376300,디어유,32950,,131542
2025-12-02,041510,에스엠,106900,,124892
2025-12-02,048550,에스엠컬처앤콘텐츠,1256,,131782
2025-12-02,054780,키이스트,4270,,72091
2025-12-02,060570,드림어스컴퍼니,8020,,9120
2025-12-02,063440,에스엠라이프디자인그룹,2060,,526851
2025-12-02,376300,디어유,32600,,69711
2025-12-03,041510,에스엠,105300,,80393
2025-12-03,048550,에스엠컬처앤콘텐츠,1260,,109210
2025-12-03,054780,키이스트,4125,,63911
2025-12-03,060570,드림어스컴퍼니,8145,,11545
2025-12-03,063440,에스엠라이프디자인그룹,2025,,461846
2025-12-03,376300,디어유,32500,,83780
2025-12-04,041510,에스엠,103800,,73885
2025-12-04,048550,에스엠컬처앤콘텐츠,1246,,88996
2025-12-04,054780,키이스트,4055,,62148
2025-12-04,060570,드림어스컴퍼니,8005,,6995
2025-12-04,063440,에스엠라이프디자인그룹,2045,,287171
2025-12-04,376300,디어유,32600,,88437
2025-12-05,041510,에스엠,104400,,57053
2025-12-05,048550,에스엠컬처앤콘텐츠,1244,,65612
2025-12-05,054780,키이스트,4360,,182305
2025-12-05,060570,드림어스컴퍼니,8415,,132487
2025-12-05,063440,에스엠라이프디자인그룹,1997,,719568
2025-12-05,376300,디어유,33000,,151162
2025-12-08,041510,에스엠,102000,,76167
2025-12-08,048550,에스엠컬처앤콘텐츠,1238,,81739
2025-12-08,054780,키이스트,4125,,151606
2025-12-08,060570,드림어스컴퍼니,8270,,7410
2025-12-08,063440,에스엠라이프디자인그룹,1892,,1248470
2025-12-08,376300,디어유,32350,,125851
2025-12-09,041510,에스엠,101600,,66409
2025-12-09,048550,에스엠컬처앤콘텐츠,1254,,93534
2025-12-09,054780,키이스트,4150,,51323
2025-12-09,060570,드림어스컴퍼니,8080,,5790
2025-12-09,063440,에스엠라이프디자인그룹,1909,,224496
2025-12-09,376300,디어유,32250,,88689
2025-12-10,041510,에스엠,103800,,83612
2025-12-10,048550,에스엠컬처앤콘텐츠,1259,,118837
2025-12-10,054780,키이스트,4075,,56753
2025-12-10,060570,드림어스컴퍼니,8065,,4009
2025-12-10,063440,에스엠라이프디자인그룹,1865,,943626
2025-12-10,376300,디어유,32750,,89125
2025-12-11,041510,에스엠,102200,,102229
2025-12-11,048550,에스엠컬처앤콘텐츠,1265,,98246
2025-12-11,054780,키이스트,4045,,85514
2025-12-11,060570,드림어스컴퍼니,8140,,9791
2025-12-11,063440,에스엠라이프디자인그룹,1855,,987752
2025-12-11,376300,디어유,32400,,139430
2025-12-12,041510,에스엠,103800,,119739
2025-12-12,048550,에스엠컬처앤콘텐츠,1264,,61594
2025-12-12,054780,키이스트,4050,,61312
2025-12-12,060570,드림어스컴퍼니,7780,,28080
2025-12-12,063440,에스엠라이프디자인그룹,1873,,698813
2025-12-12,376300,디어유,33600,,91926
2025-12-15,041510,에스엠,109000,,318284
2025-12-15,048550,에스엠컬처앤콘텐츠,1280,,1552282
2025-12-15,054780,키이스트,3995,,54366
2025-12-15,060570,드림어스컴퍼니,7970,,7798
2025-12-15,063440,에스엠라이프디자인그룹,1849,,501225
2025-12-15,376300,디어유,33500,,145700
2025-12-16,041510,에스엠,111700,,229202
2025-12-16,048550,에스엠컬처앤콘텐츠,1275,,839163
2025-12-16,054780,키이스트,3990,,37666
2025-12-16,060570,드림어스컴퍼니,7950,,3153
2025-12-16,063440,에스엠라이프디자인그룹,1830,,388714
2025-12-16,376300,디어유,35900,,428454
2025-12-17,041510,에스엠,118200,,271784
2025-12-17,048550,에스엠컬처앤콘텐츠,1294,,387714
2025-12-17,054780,키이스트,4030,,59006
2025-12-17,060570,드림어스컴퍼니,7985,,5819
2025-12-17,063440,에스엠라이프디자인그룹,1827,,295810
2025-12-17,376300,디어유,36600,,363267
2025-12-18,041510,에스엠,118400,,220566
2025-12-18,048550,에스엠컬처앤콘텐츠,1280,,173093
2025-12-18,054780,키이스트,3950,,60689
2025-12-18,060570,드림어스컴퍼니,7905,,6168
2025-12-18,063440,에스엠라이프디자인그룹,1811,,275635
2025-12-18,376300,디어유,35750,,227729
2025-12-19,041510,에스엠,117100,,197373
2025-12-19,048550,에스엠컬처앤콘텐츠,1316,,705924
2025-12-19,054780,키이스트,3590,,861570
2025-12-19,060570,드림어스컴퍼니,7865,,5121
2025-12-19,063440,에스엠라이프디자인그룹,1820,,225426
2025-12-19,376300,디어유,37200,,586894
2025-12-22,041510,에스엠,118700,,85451
2025-12-22,048550,에스엠컬처앤콘텐츠,1299,,193593
2025-12-22,054780,키이스트,3435,,243823
2025-12-22,060570,드림어스컴퍼니,7850,,4619
2025-12-22,063440,에스엠라이프디자인그룹,1789,,433866
2025-12-22,376300,디어유,37300,,250551
2025-12-23,041510,에스엠,127700,,417541
2025-12-23,048550,에스엠컬처앤콘텐츠,1307,,568926
2025-12-23,054780,키이스트,3435,,106633
2025-12-23,060570,드림어스컴퍼니,7505,,14266
2025-12-23,063440,에스엠라이프디자인그룹,1801,,257813
2025-12-23,376300,디어유,39750,,561170
2025-12-24,041510,에스엠,128900,,139879
2025-12-24,048550,에스엠컬처앤콘텐츠,1315,,229834
2025-12-24,054780,키이스트,3400,,47857
2025-12-24,060570,드림어스컴퍼니,7500,,11768
2025-12-24,063440,에스엠라이프디자인그룹,1823,,252062
2025-12-24,376300,디어유,40050,,261052
2025-12-26,041510,에스엠,124400,,135676
2025-12-26,048550,에스엠컬처앤콘텐츠,1305,,195343
2025-12-26,054780,키이스트,3250,,298620
2025-12-26,060570,드림어스컴퍼니,7375,,12835
2025-12-26,063440,에스엠라이프디자인그룹,1822,,226261
2025-12-26,376300,디어유,39250,,192920
2025-12-29,041510,에스엠,128000,,134059
2025-12-29,048550,에스엠컬처앤콘텐츠,1319,,235712
2025-12-29,054780,키이스트,3195,,117611
2025-12-29,060570,드림어스컴퍼니,7320,,9391
2025-12-29,063440,에스엠라이프디자인그룹,1830,,478298
2025-12-29,376300,디어유,39250,,132124
2025-12-30,041510,에스엠,135000,,450619
2025-12-30,048550,에스엠컬처앤콘텐츠,1330,,1960946
2025-12-30,054780,키이스트,3215,,132050
2025-12-30,060570,드림어스컴퍼니,7155,,9775
2025-12-30,063440,에스엠라이프디자인그룹,1885,,3695734
2025-12-30,376300,디어유,40100,,237472
2026-01-02,041510,에스엠,132400,,465998
2026-01-02,048550,에스엠컬처앤콘텐츠,1375,,1240183
2026-01-02,054780,키이스트,3475,,184121
2026-01-02,060570,드림어스컴퍼니,7630,,14800
2026-01-02,063440,에스엠라이프디자인그룹,1891,,889113
2026-01-02,376300,디어유,40100,,250494
2026-01-05,041510,에스엠,119000,,760409
2026-01-05,048550,에스엠컬처앤콘텐츠,1352,,500353
2026-01-05,054780,키이스트,3450,,200274
2026-01-05,060570,드림어스컴퍼니,7435,,38607
2026-01-05,063440,에스엠라이프디자인그룹,1823,,563176
2026-01-05,376300,디어유,38000,,397605
2026-01-06,041510,에스엠,117100,,252689
2026-01-06,048550,에스엠컬처앤콘텐츠,1317,,288844
2026-01-06,054780,키이스트,3445,,70053
2026-01-06,060570,드림어스컴퍼니,7410,,33888
2026-01-06,063440,에스엠라이프디자인그룹,1811,,314149
2026-01-06,376300,디어유,37350,,173488
2026-01-07,041510,에스엠,115500,,664079
2026-01-07,048550,에스엠컬처앤콘텐츠,1305,,632601
2026-01-07,054780,키이스트,3295,,185275
2026-01-07,060570,드림어스컴퍼니,7400,,15317
2026-01-07,063440,에스엠라이프디자인그룹,1815,,344789
2026-01-07,376300,디어유,36100,,335976
2026-01-08,041510,에스엠,117900,,327921
2026-01-08,048550,에스엠컬처앤콘텐츠,1265,,400245
2026-01-08,054780,키이스트,3160,,108122
2026-01-08,060570,드림어스컴퍼니,7270,,16521
2026-01-08,063440,에스엠라이프디자인그룹,1810,,207718
2026-01-08,376300,디어유,36200,,174614
2026-01-09,041510,에스엠,114400,,149239
2026-01-09,048550,에스엠컬처앤콘텐츠,1290,,176347
2026-01-09,054780,키이스트,3160,,56031
2026-01-09,060570,드림어스컴퍼니,7505,,8877
2026-01-09,063440,에스엠라이프디자인그룹,1802,,157485
2026-01-09,376300,디어유,36150,,89438
2026-01-12,041510,에스엠,115900,,175328
2026-01-12,048550,에스엠컬처앤콘텐츠,1299,,335357
2026-01-12,054780,키이스트,3390,,174180
2026-01-12,060570,드림어스컴퍼니,7440,,11628
2026-01-12,063440,에스엠라이프디자인그룹,1785,,236240
2026-01-12,376300,디어유,36100,,166036
2026-01-13,041510,에스엠,113900,,146682
2026-01-13,048550,에스엠컬처앤콘텐츠,1292,,212609
2026-01-13,054780,키이스트,3330,,70974
2026-01-13,060570,드림어스컴퍼니,7305,,13860
2026-01-13,063440,에스엠라이프디자인그룹,1760,,222918
2026-01-13,376300,디어유,34500,,190540
2026-01-14,041510,에스엠,112700,,118330
2026-01-14,048550,에스엠컬처앤콘텐츠,1276,,211556
2026-01-14,054780,키이스트,3305,,52216
2026-01-14,060570,드림어스컴퍼니,7545,,11631
2026-01-14,063440,에스엠라이프디자인그룹,1749,,118862
2026-01-14,376300,디어유,34300,,137854
2026-01-15,041510,에스엠,112900,,138836
2026-01-15,048550,에스엠컬처앤콘텐츠,1277,,116378
2026-01-15,054780,키이스트,3265,,57492
2026-01-15,060570,드림어스컴퍼니,7725,,17021
2026-01-15,063440,에스엠라이프디자인그룹,1760,,147325
2026-01-15,376300,디어유,34200,,125187
2026-01-16,041510,에스엠,112300,,113869
2026-01-16,048550,에스엠컬처앤콘텐츠,1276,,197645
2026-01-16,054780,키이스트,3195,,90561
2026-01-16,060570,드림어스컴퍼니,7365,,18341
2026-01-16,063440,에스엠라이프디자인그룹,1737,,184682
2026-01-16,376300,디어유,33600,,101466
2026-01-19,041510,에스엠,114000,,133562
2026-01-19,048550,에스엠컬처앤콘텐츠,1260,,283274
2026-01-19,054780,키이스트,3070,,185985
2026-01-19,060570,드림어스컴퍼니,7135,,21439
2026-01-19,063440,에스엠라이프디자인그룹,1737,,128684
2026-01-19,376300,디어유,34000,,97370
2026-01-20,041510,에스엠,113400,,170725
2026-01-20,048550,에스엠컬처앤콘텐츠,1298,,1029409
2026-01-20,054780,키이스트,3070,,122695
2026-01-20,060570,드림어스컴퍼니,7315,,32288
2026-01-20,063440,에스엠라이프디자인그룹,1747,,163848
2026-01-20,376300,디어유,34150,,116577
2026-01-21,041510,에스엠,108800,,175380
2026-01-21,048550,에스엠컬처앤콘텐츠,1281,,290836
2026-01-21,054780,키이스트,2910,,205876
2026-01-21,060570,드림어스컴퍼니,7345,,11741
2026-01-21,063440,에스엠라이프디자인그룹,1711,,194392
2026-01-21,376300,디어유,31950,,209834
2026-01-22,041510,에스엠,108100,,205082
2026-01-22,048550,에스엠컬처앤콘텐츠,1300,,252881
2026-01-22,054780,키이스트,2875,,187101
2026-01-22,060570,드림어스컴퍼니,7410,,17118
2026-01-22,063440,에스엠라이프디자인그룹,1740,,194088
2026-01-22,376300,디어유,32550,,183150
2026-01-23,041510,에스엠,109300,,240668
2026-01-23,048550,에스엠컬처앤콘텐츠,1322,,368688
2026-01-23,054780,키이스트,2920,,105760
2026-01-23,060570,드림어스컴퍼니,7480,,19548
2026-01-23,063440,에스엠라이프디자인그룹,1728,,151418
2026-01-23,376300,디어유,34350,,225681
2026-01-26,041510,에스엠,117000,,482528
2026-01-26,048550,에스엠컬처앤콘텐츠,1344,,513426
2026-01-26,054780,키이스트,3050,,183301
2026-01-26,060570,드림어스컴퍼니,7405,,26167
2026-01-26,063440,에스엠라이프디자인그룹,1721,,236482
2026-01-26,376300,디어유,36800,,381759
2026-01-27,041510,에스엠,114100,,296820
2026-01-27,048550,에스엠컬처앤콘텐츠,1325,,374918
2026-01-27,054780,키이스트,3040,,68711
2026-01-27,060570,드림어스컴퍼니,7340,,12428
2026-01-27,063440,에스엠라이프디자인그룹,1727,,240532
2026-01-27,376300,디어유,36650,,230523
2026-01-28,041510,에스엠,118100,,339472
2026-01-28,048550,에스엠컬처앤콘텐츠,1322,,307369
2026-01-28,054780,키이스트,3040,,68967
2026-01-28,060570,드림어스컴퍼니,7375,,19853
2026-01-28,063440,에스엠라이프디자인그룹,1725,,230915
2026-01-28,376300,디어유,38500,,320190
2026-01-29,041510,에스엠,119300,,263025
2026-01-29,048550,에스엠컬처앤콘텐츠,1328,,331439
2026-01-29,054780,키이스트,3010,,149242
2026-01-29,060570,드림어스컴퍼니,7215,,13800
2026-01-29,063440,에스엠라이프디자인그룹,1703,,319297
2026-01-29,376300,디어유,38250,,202864
2026-01-30,041510,에스엠,116000,,261452
2026-01-30,048550,에스엠컬처앤콘텐츠,1298,,284674
2026-01-30,054780,키이스트,2900,,129528
2026-01-30,060570,드림어스컴퍼니,6945,,32584
2026-01-30,063440,에스엠라이프디자인그룹,1684,,255598
2026-01-30,376300,디어유,37650,,157218
2026-02-02,041510,에스엠,105800,,265444
2026-02-02,048550,에스엠컬처앤콘텐츠,1240,,480102
2026-02-02,054780,키이스트,2815,,131405
2026-02-02,060570,드림어스컴퍼니,6635,,24901
2026-02-02,063440,에스엠라이프디자인그룹,1600,,461600
2026-02-02,376300,디어유,35350,,184487
2026-02-03,041510,에스엠,108700,,157713
2026-02-03,048550,에스엠컬처앤콘텐츠,1265,,201992
2026-02-03,054780,키이스트,2850,,61803
2026-02-03,060570,드림어스컴퍼니,6640,,9098
2026-02-03,063440,에스엠라이프디자인그룹,1643,,121074
2026-02-03,376300,디어유,36800,,101450
2026-02-04,041510,에스엠,108400,,127082
2026-02-04,048550,에스엠컬처앤콘텐츠,1284,,215911
2026-02-04,054780,키이스트,2940,,70822
2026-02-04,060570,드림어스컴퍼니,6880,,19075
2026-02-04,063440,에스엠라이프디자인그룹,1656,,220491
2026-02-04,376300,디어유,38000,,302922
2026-02-05,041510,에스엠,106200,,150790
2026-02-05,048550,에스엠컬처앤콘텐츠,1285,,310397
2026-02-05,054780,키이스트,2910,,46744
2026-02-05,060570,드림어스컴퍼니,6610,,24268
2026-02-05,063440,에스엠라이프디자인그룹,1622,,197399
2026-02-05,376300,디어유,43350,,1837915
2026-02-06,041510,에스엠,105400,,140676
2026-02-06,048550,에스엠컬처앤콘텐츠,1257,,254155
2026-02-06,054780,키이스트,2890,,97791
2026-02-06,060570,드림어스컴퍼니,6905,,36554
2026-02-06,063440,에스엠라이프디자인그룹,1622,,172949
2026-02-06,376300,디어유,41050,,570244
2026-02-09,041510,에스엠,114300,,268425
2026-02-09,048550,에스엠컬처앤콘텐츠,1273,,252812
2026-02-09,054780,키이스트,2985,,125380
2026-02-09,060570,드림어스컴퍼니,6810,,15016
2026-02-09,063440,에스엠라이프디자인그룹,1642,,148889
2026-02-09,376300,디어유,42750,,325895
2026-02-10,041510,에스엠,114400,,105816
2026-02-10,048550,에스엠컬처앤콘텐츠,1297,,475078
2026-02-10,054780,키이스트,2960,,90249
2026-02-10,060570,드림어스컴퍼니,6945,,17227
2026-02-10,063440,에스엠라이프디자인그룹,1648,,90557
2026-02-10,376300,디어유,42850,,242280
2026-02-11,041510,에스엠,120200,,373159
2026-02-11,048550,에스엠컬처앤콘텐츠,1295,,1896643
2026-02-11,054780,키이스트,2980,,42101
2026-02-11,060570,드림어스컴퍼니,6970,,8446
2026-02-11,063440,에스엠라이프디자인그룹,1664,,152219
2026-02-11,376300,디어유,42250,,165837
2026-02-12,041510,에스엠,120400,,260823
2026-02-12,048550,에스엠컬처앤콘텐츠,1291,,195731
2026-02-12,054780,키이스트,2980,,20863
2026-02-12,060570,드림어스컴퍼니,6985,,10504
2026-02-12,063440,에스엠라이프디자인그룹,1655,,92217
2026-02-12,376300,디어유,42900,,180830
2026-02-13,041510,에스엠,116600,,178617
2026-02-13,048550,에스엠컬처앤콘텐츠,1263,,356740
2026-02-13,054780,키이스트,2865,,97699
2026-02-13,060570,드림어스컴퍼니,7010,,20200
2026-02-13,063440,에스엠라이프디자인그룹,1633,,123944
2026-02-13,376300,디어유,41800,,143359
2026-02-19,041510,에스엠,119300,,178050
2026-02-19,048550,에스엠컬처앤콘텐츠,1252,,301383
2026-02-19,054780,키이스트,2865,,35419
2026-02-19,060570,드림어스컴퍼니,7095,,14243
2026-02-19,063440,에스엠라이프디자인그룹,1647,,130710
2026-02-19,376300,디어유,43250,,211240
2026-02-20,041510,에스엠,114700,,198959
2026-02-20,048550,에스엠컬처앤콘텐츠,1238,,512422
2026-02-20,054780,키이스트,2750,,198897
2026-02-20,060570,드림어스컴퍼니,6960,,11722
2026-02-20,063440,에스엠라이프디자인그룹,1655,,164577
2026-02-20,376300,디어유,42200,,132173
2026-02-23,041510,에스엠,115800,,124960
2026-02-23,048550,에스엠컬처앤콘텐츠,1234,,208694
2026-02-23,054780,키이스트,2695,,151949
2026-02-23,060570,드림어스컴퍼니,6840,,14562
2026-02-23,063440,에스엠라이프디자인그룹,1657,,180648
2026-02-23,376300,디어유,41500,,133090
2026-02-24,041510,에스엠,114800,,78511
2026-02-24,048550,에스엠컬처앤콘텐츠,1230,,270692
2026-02-24,054780,키이스트,2670,,149635
2026-02-24,060570,드림어스컴퍼니,6800,,19406
2026-02-24,063440,에스엠라이프디자인그룹,1660,,252833
2026-02-24,376300,디어유,40900,,112529
2026-02-25,041510,에스엠,114000,,80526
2026-02-25,048550,에스엠컬처앤콘텐츠,1228,,381587
2026-02-25,054780,키이스트,2650,,84689
2026-02-25,060570,드림어스컴퍼니,6765,,31038
2026-02-25,063440,에스엠라이프디자인그룹,1619,,236232
2026-02-25,376300,디어유,39550,,193063
2026-02-26,041510,에스엠,114300,,94010
2026-02-26,048550,에스엠컬처앤콘텐츠,1208,,664458
2026-02-26,054780,키이스트,2515,,195543
2026-02-26,060570,드림어스컴퍼니,6500,,36641
2026-02-26,063440,에스엠라이프디자인그룹,1564,,379241
2026-02-26,376300,디어유,38600,,147238
2026-02-27,041510,에스엠,115500,,174900
2026-02-27,048550,에스엠컬처앤콘텐츠,1197,,562227
2026-02-27,054780,키이스트,2555,,93335
2026-02-27,060570,드림어스컴퍼니,6410,,14817
2026-02-27,063440,에스엠라이프디자인그룹,1547,,174590
2026-02-27,376300,디어유,38400,,167158
2026-03-03,041510,에스엠,106700,,143867
2026-03-03,048550,에스엠컬처앤콘텐츠,1157,,502121
2026-03-03,054780,키이스트,2450,,128420
2026-03-03,060570,드림어스컴퍼니,6125,,27475
2026-03-03,063440,에스엠라이프디자인그룹,1520,,227113
2026-03-03,376300,디어유,36200,,189377
2026-03-04,041510,에스엠,95900,,213531
2026-03-04,048550,에스엠컬처앤콘텐츠,1031,,670343
2026-03-04,054780,키이스트,2155,,265990
2026-03-04,060570,드림어스컴퍼니,5490,,41588
2026-03-04,063440,에스엠라이프디자인그룹,1392,,527218
2026-03-04,376300,디어유,31800,,260145
2026-03-05,041510,에스엠,98600,,250902
2026-03-05,048550,에스엠컬처앤콘텐츠,1129,,354764
2026-03-05,054780,키이스트,2320,,106222
2026-03-05,060570,드림어스컴퍼니,5955,,19402
2026-03-05,063440,에스엠라이프디자인그룹,1483,,176108
2026-03-05,376300,디어유,34200,,222182
2026-03-06,041510,에스엠,104700,,145541
2026-03-06,048550,에스엠컬처앤콘텐츠,1130,,181547
2026-03-06,054780,키이스트,2390,,59988
2026-03-06,060570,드림어스컴퍼니,5990,,16011
2026-03-06,063440,에스엠라이프디자인그룹,1499,,112531
2026-03-06,376300,디어유,37200,,180235
2026-03-06,458350,에스팀,34000,,2953858
2026-03-09,041510,에스엠,102400,,101533
2026-03-09,048550,에스엠컬처앤콘텐츠,1095,,225977
2026-03-09,054780,키이스트,2260,,56479
2026-03-09,060570,드림어스컴퍼니,5570,,24303
2026-03-09,063440,에스엠라이프디자인그룹,1441,,132211
2026-03-09,376300,디어유,35750,,89630
2026-03-09,458350,에스팀,23800,,16298157
2026-03-10,041510,에스엠,103100,,140860
2026-03-10,048550,에스엠컬처앤콘텐츠,1114,,80304
2026-03-10,054780,키이스트,2285,,48965
2026-03-10,060570,드림어스컴퍼니,5755,,11727
2026-03-10,063440,에스엠라이프디자인그룹,1425,,126055
2026-03-10,376300,디어유,39450,,357837
2026-03-10,458350,에스팀,21750,,2207388
2026-03-11,041510,에스엠,98700,,189303
2026-03-11,048550,에스엠컬처앤콘텐츠,1122,,146908
2026-03-11,054780,키이스트,2285,,50777
2026-03-11,060570,드림어스컴퍼니,6025,,16098
2026-03-11,063440,에스엠라이프디자인그룹,1449,,108332
2026-03-11,376300,디어유,40850,,423850
2026-03-11,458350,에스팀,20200,,993199
2026-03-12,041510,에스엠,99000,,203398
2026-03-12,048550,에스엠컬처앤콘텐츠,1130,,128789
2026-03-12,054780,키이스트,2360,,16392
2026-03-12,060570,드림어스컴퍼니,6225,,25676
2026-03-12,063440,에스엠라이프디자인그룹,1449,,69051
2026-03-12,376300,디어유,39550,,184579
2026-03-12,458350,에스팀,19140,,549670
2026-03-13,041510,에스엠,101700,,115312
2026-03-13,048550,에스엠컬처앤콘텐츠,1142,,108695
2026-03-13,054780,키이스트,2470,,58048
2026-03-13,060570,드림어스컴퍼니,6770,,105064
2026-03-13,063440,에스엠라이프디자인그룹,1473,,157758
2026-03-13,376300,디어유,38400,,204256
2026-03-13,458350,에스팀,17050,,479272
2026-03-16,041510,에스엠,99600,,42897
2026-03-16,048550,에스엠컬처앤콘텐츠,1143,,92419
2026-03-16,054780,키이스트,2485,,48708
2026-03-16,060570,드림어스컴퍼니,6780,,29155
2026-03-16,063440,에스엠라이프디자인그룹,1467,,130091
2026-03-16,376300,디어유,37900,,85433
2026-03-16,458350,에스팀,16210,,493550
2026-03-17,041510,에스엠,99500,,55132
2026-03-17,048550,에스엠컬처앤콘텐츠,1142,,86258
2026-03-17,054780,키이스트,2485,,37632
2026-03-17,060570,드림어스컴퍼니,6600,,7828
2026-03-17,063440,에스엠라이프디자인그룹,1446,,84242
2026-03-17,376300,디어유,37050,,97955
2026-03-17,458350,에스팀,16050,,1818879
2026-03-18,041510,에스엠,99700,,74066
2026-03-18,048550,에스엠컬처앤콘텐츠,1143,,96112
2026-03-18,054780,키이스트,2575,,79092
2026-03-18,060570,드림어스컴퍼니,6360,,12668
2026-03-18,063440,에스엠라이프디자인그룹,1442,,85301
2026-03-18,376300,디어유,37100,,68186
2026-03-18,458350,에스팀,15290,,302495
2026-03-19,041510,에스엠,97100,,106251
2026-03-19,048550,에스엠컬처앤콘텐츠,1142,,102171
2026-03-19,054780,키이스트,2630,,147117
2026-03-19,060570,드림어스컴퍼니,6070,,12882
2026-03-19,063440,에스엠라이프디자인그룹,1419,,89144
2026-03-19,376300,디어유,35750,,140613
2026-03-19,458350,에스팀,15220,,306834
2026-03-20,041510,에스엠,98200,,83858
2026-03-20,048550,에스엠컬처앤콘텐츠,1161,,87530
2026-03-20,054780,키이스트,2625,,94067
2026-03-20,060570,드림어스컴퍼니,6255,,9454
2026-03-20,063440,에스엠라이프디자인그룹,1438,,104336
2026-03-20,376300,디어유,35700,,104276
2026-03-20,458350,에스팀,15230,,290384
2026-03-23,041510,에스엠,89200,,137311
2026-03-23,048550,에스엠컬처앤콘텐츠,1125,,98847
2026-03-23,054780,키이스트,2550,,63033
2026-03-23,060570,드림어스컴퍼니,6220,,9416
2026-03-23,063440,에스엠라이프디자인그룹,1380,,134192
2026-03-23,376300,디어유,32850,,186004
2026-03-23,458350,에스팀,11500,,1464647
2026-03-24,041510,에스엠,93300,,93494
2026-03-24,048550,에스엠컬처앤콘텐츠,1143,,97741
2026-03-24,054780,키이스트,2570,,105959
2026-03-24,060570,드림어스컴퍼니,6150,,10713
2026-03-24,063440,에스엠라이프디자인그룹,1479,,430395
2026-03-24,376300,디어유,33500,,149989
2026-03-24,458350,에스팀,10680,,580914
2026-03-25,041510,에스엠,93400,,46899
2026-03-25,048550,에스엠컬처앤콘텐츠,1145,,97964
2026-03-25,054780,키이스트,2535,,35205
2026-03-25,060570,드림어스컴퍼니,6170,,7106
2026-03-25,063440,에스엠라이프디자인그룹,1560,,337670
2026-03-25,376300,디어유,33550,,110863
2026-03-25,458350,에스팀,10840,,368176
2026-03-26,041510,에스엠,91800,,52468
2026-03-26,048550,에스엠컬처앤콘텐츠,1138,,65134
2026-03-26,054780,키이스트,2530,,43180
2026-03-26,060570,드림어스컴퍼니,6305,,7731
2026-03-26,063440,에스엠라이프디자인그룹,1557,,279328
2026-03-26,376300,디어유,32300,,150670
2026-03-26,458350,에스팀,10350,,302536
2026-03-27,041510,에스엠,91000,,82838
2026-03-27,048550,에스엠컬처앤콘텐츠,1130,,103008
2026-03-27,054780,키이스트,2655,,164111
2026-03-27,060570,드림어스컴퍼니,6470,,12954
2026-03-27,063440,에스엠라이프디자인그룹,1558,,182445
2026-03-27,376300,디어유,32450,,126148
2026-03-27,458350,에스팀,10450,,287403
2026-03-30,041510,에스엠,88600,,49756
2026-03-30,048550,에스엠컬처앤콘텐츠,1113,,88160
2026-03-30,054780,키이스트,2710,,92732
2026-03-30,060570,드림어스컴퍼니,6310,,8529
2026-03-30,063440,에스엠라이프디자인그룹,1516,,218235
2026-03-30,376300,디어유,31000,,87551
2026-03-30,458350,에스팀,9800,,168333
2026-03-31,041510,에스엠,88800,,60084
2026-03-31,048550,에스엠컬처앤콘텐츠,1092,,96532
2026-03-31,054780,키이스트,2580,,69854
2026-03-31,060570,드림어스컴퍼니,6100,,13600
2026-03-31,063440,에스엠라이프디자인그룹,1533,,295553
2026-03-31,376300,디어유,30400,,79894
2026-03-31,458350,에스팀,9560,,335527
2026-04-01,041510,에스엠,90000,,72810
2026-04-01,048550,에스엠컬처앤콘텐츠,1113,,54541
2026-04-01,054780,키이스트,2600,,47045
2026-04-01,060570,드림어스컴퍼니,6485,,16959
2026-04-01,063440,에스엠라이프디자인그룹,1525,,154716
2026-04-01,376300,디어유,31400,,108506
2026-04-01,458350,에스팀,9880,,139601
2026-04-02,041510,에스엠,85400,,86941
2026-04-02,048550,에스엠컬처앤콘텐츠,1089,,123666
2026-04-02,054780,키이스트,2550,,38289
2026-04-02,060570,드림어스컴퍼니,6335,,10241
2026-04-02,063440,에스엠라이프디자인그룹,1509,,124181
2026-04-02,376300,디어유,29550,,140229
2026-04-02,458350,에스팀,9240,,283102
2026-04-03,041510,에스엠,85000,,78978
2026-04-03,048550,에스엠컬처앤콘텐츠,1101,,65532
2026-04-03,054780,키이스트,2610,,22334
2026-04-03,060570,드림어스컴퍼니,6255,,6540
2026-04-03,063440,에스엠라이프디자인그룹,1499,,112658
2026-04-03,376300,디어유,29600,,108815
2026-04-03,458350,에스팀,9060,,171573
2026-04-06,041510,에스엠,84800,,41730
2026-04-06,048550,에스엠컬처앤콘텐츠,1085,,53630
2026-04-06,054780,키이스트,2515,,37694
2026-04-06,060570,드림어스컴퍼니,6130,,2889
2026-04-06,063440,에스엠라이프디자인그룹,1500,,118234
2026-04-06,376300,디어유,29000,,68248
2026-04-06,458350,에스팀,8780,,421677
2026-04-07,041510,에스엠,83000,,68472
2026-04-07,048550,에스엠컬처앤콘텐츠,1068,,60945
2026-04-07,054780,키이스트,2490,,19263
2026-04-07,060570,드림어스컴퍼니,6300,,51029
2026-04-07,063440,에스엠라이프디자인그룹,1437,,111896
2026-04-07,376300,디어유,28850,,112623
2026-04-07,458350,에스팀,8500,,309094
2026-04-08,041510,에스엠,87000,,91180
2026-04-08,048550,에스엠컬처앤콘텐츠,1122,,184720
2026-04-08,054780,키이스트,2575,,25322
2026-04-08,060570,드림어스컴퍼니,6435,,152370
2026-04-08,063440,에스엠라이프디자인그룹,1450,,110216
2026-04-08,376300,디어유,31350,,104532
2026-04-08,458350,에스팀,8910,,207043
2026-04-09,041510,에스엠,84800,,74481
2026-04-09,048550,에스엠컬처앤콘텐츠,1137,,276464
2026-04-09,054780,키이스트,2575,,21308
2026-04-09,060570,드림어스컴퍼니,6460,,7364
2026-04-09,063440,에스엠라이프디자인그룹,1430,,80732
2026-04-09,376300,디어유,30200,,99894
2026-04-09,458350,에스팀,10200,,1317665
2026-04-10,041510,에스엠,85600,,37943
2026-04-10,048550,에스엠컬처앤콘텐츠,1167,,175909
2026-04-10,054780,키이스트,2625,,39767
2026-04-10,060570,드림어스컴퍼니,6460,,11605
2026-04-10,063440,에스엠라이프디자인그룹,1460,,47827
2026-04-10,376300,디어유,31150,,81600
2026-04-10,458350,에스팀,9390,,359469
2026-04-13,041510,에스엠,85800,,38664
2026-04-13,048550,에스엠컬처앤콘텐츠,1144,,87812
2026-04-13,054780,키이스트,2690,,109947
2026-04-13,060570,드림어스컴퍼니,6345,,11526
2026-04-13,063440,에스엠라이프디자인그룹,1447,,46738
2026-04-13,376300,디어유,30600,,54088
2026-04-13,458350,에스팀,9480,,121542
2026-04-14,041510,에스엠,88000,,67455
2026-04-14,048550,에스엠컬처앤콘텐츠,1145,,116686
2026-04-14,054780,키이스트,2855,,195565
2026-04-14,060570,드림어스컴퍼니,6365,,9608
2026-04-14,063440,에스엠라이프디자인그룹,1490,,75631
2026-04-14,376300,디어유,31250,,60937
2026-04-14,458350,에스팀,9450,,114891
2026-04-15,041510,에스엠,90900,,75558
2026-04-15,048550,에스엠컬처앤콘텐츠,1139,,100248
2026-04-15,054780,키이스트,2950,,126988
2026-04-15,060570,드림어스컴퍼니,6440,,17766
2026-04-15,063440,에스엠라이프디자인그룹,1501,,118385
2026-04-15,376300,디어유,31750,,120005
2026-04-15,458350,에스팀,9600,,162220
2026-04-16,041510,에스엠,97000,,171754
2026-04-16,048550,에스엠컬처앤콘텐츠,1193,,266286
2026-04-16,054780,키이스트,2945,,63564
2026-04-16,060570,드림어스컴퍼니,6605,,25327
2026-04-16,063440,에스엠라이프디자인그룹,1508,,108581
2026-04-16,376300,디어유,34450,,199006
2026-04-16,458350,에스팀,9500,,114099
2026-04-17,041510,에스엠,94700,,136157
2026-04-17,048550,에스엠컬처앤콘텐츠,1195,,197244
2026-04-17,054780,키이스트,2995,,143362
2026-04-17,060570,드림어스컴퍼니,6600,,15501
2026-04-17,063440,에스엠라이프디자인그룹,1509,,91436
2026-04-17,376300,디어유,34600,,81532
2026-04-17,458350,에스팀,9230,,95116
2026-04-20,041510,에스엠,93000,,74817
2026-04-20,048550,에스엠컬처앤콘텐츠,1187,,76825
2026-04-20,054780,키이스트,2975,,106617
2026-04-20,060570,드림어스컴퍼니,6580,,10128
2026-04-20,063440,에스엠라이프디자인그룹,1497,,70861
2026-04-20,376300,디어유,33450,,81445
2026-04-20,458350,에스팀,9130,,62504
2026-04-21,041510,에스엠,92200,,78935
2026-04-21,048550,에스엠컬처앤콘텐츠,1176,,81029
2026-04-21,054780,키이스트,2990,,75937
2026-04-21,060570,드림어스컴퍼니,6530,,17311
2026-04-21,063440,에스엠라이프디자인그룹,1487,,69763
2026-04-21,376300,디어유,33000,,127421
2026-04-21,458350,에스팀,9290,,178890
2026-04-22,041510,에스엠,92700,,103452
2026-04-22,048550,에스엠컬처앤콘텐츠,1166,,72289
2026-04-22,054780,키이스트,2940,,25783
2026-04-22,060570,드림어스컴퍼니,6550,,12376
2026-04-22,063440,에스엠라이프디자인그룹,1465,,78602
2026-04-22,376300,디어유,33100,,105662
2026-04-22,458350,에스팀,9300,,62790
2026-04-23,041510,에스엠,92700,,75511
2026-04-23,048550,에스엠컬처앤콘텐츠,1153,,167669
2026-04-23,054780,키이스트,2885,,54154
2026-04-23,060570,드림어스컴퍼니,6490,,14667
2026-04-23,063440,에스엠라이프디자인그룹,1450,,104334
2026-04-23,376300,디어유,32200,,87752
2026-04-23,458350,에스팀,9000,,83103
2026-04-24,041510,에스엠,93200,,63672
2026-04-24,048550,에스엠컬처앤콘텐츠,1163,,76700
2026-04-24,054780,키이스트,2830,,23899
2026-04-24,060570,드림어스컴퍼니,6520,,17737
2026-04-24,063440,에스엠라이프디자인그룹,1461,,54418
2026-04-24,376300,디어유,32200,,65624
2026-04-24,458350,에스팀,9020,,57257
2026-04-27,041510,에스엠,92700,,82345
2026-04-27,048550,에스엠컬처앤콘텐츠,1162,,137721
2026-04-27,054780,키이스트,2820,,43123
2026-04-27,060570,드림어스컴퍼니,6420,,7670
2026-04-27,063440,에스엠라이프디자인그룹,1483,,116359
2026-04-27,376300,디어유,31900,,95282
2026-04-27,458350,에스팀,9080,,62666
2026-04-28,041510,에스엠,96100,,179052
2026-04-28,048550,에스엠컬처앤콘텐츠,1150,,222649
2026-04-28,054780,키이스트,2800,,54103
2026-04-28,060570,드림어스컴퍼니,6300,,18263
2026-04-28,063440,에스엠라이프디자인그룹,1461,,136744
2026-04-28,376300,디어유,33150,,190624
2026-04-28,458350,에스팀,9010,,36658
2026-04-29,041510,에스엠,97500,,85316
2026-04-29,048550,에스엠컬처앤콘텐츠,1151,,194281
2026-04-29,054780,키이스트,2785,,35348
2026-04-29,060570,드림어스컴퍼니,6265,,15339
2026-04-29,063440,에스엠라이프디자인그룹,1472,,59495
2026-04-29,376300,디어유,34000,,121938
2026-04-29,458350,에스팀,8950,,46465
2026-04-30,041510,에스엠,96600,,146749
2026-04-30,048550,에스엠컬처앤콘텐츠,1140,,173255
2026-04-30,054780,키이스트,2750,,47558
2026-04-30,060570,드림어스컴퍼니,6185,,16022
2026-04-30,063440,에스엠라이프디자인그룹,1467,,94827
2026-04-30,376300,디어유,32250,,157081
2026-04-30,458350,에스팀,9070,,261037
2026-05-04,041510,에스엠,96800,,102197
2026-05-04,048550,에스엠컬처앤콘텐츠,1127,,245360
2026-05-04,054780,키이스트,2640,,71855
2026-05-04,060570,드림어스컴퍼니,5960,,25191
2026-05-04,063440,에스엠라이프디자인그룹,1464,,144377
2026-05-04,376300,디어유,32450,,71167
2026-05-04,458350,에스팀,9040,,95056
2026-05-06,041510,에스엠,92200,,169352
2026-05-06,048550,에스엠컬처앤콘텐츠,1086,,290208
2026-05-06,054780,키이스트,2470,,175685
2026-05-06,060570,드림어스컴퍼니,5610,,77408
2026-05-06,063440,에스엠라이프디자인그룹,1426,,158096
2026-05-06,376300,디어유,31450,,122554
2026-05-06,458350,에스팀,9010,,91101
2026-05-07,041510,에스엠,92300,,89396
2026-05-07,048550,에스엠컬처앤콘텐츠,1077,,185753
2026-05-07,054780,키이스트,2420,,42610
2026-05-07,060570,드림어스컴퍼니,5595,,50910
2026-05-07,063440,에스엠라이프디자인그룹,1424,,215355
2026-05-07,376300,디어유,29050,,357860
2026-05-07,458350,에스팀,8820,,78968
2026-05-08,041510,에스엠,92200,,76401
2026-05-08,048550,에스엠컬처앤콘텐츠,1066,,187654
2026-05-08,054780,키이스트,2415,,28099
2026-05-08,060570,드림어스컴퍼니,5550,,83673
2026-05-08,063440,에스엠라이프디자인그룹,1405,,130754
2026-05-08,376300,디어유,29000,,139338
2026-05-08,458350,에스팀,8660,,85920
2026-05-11,041510,에스엠,89500,,82493
2026-05-11,048550,에스엠컬처앤콘텐츠,1040,,350912
2026-05-11,054780,키이스트,2270,,237191
2026-05-11,060570,드림어스컴퍼니,5165,,217682
2026-05-11,063440,에스엠라이프디자인그룹,1376,,200042
2026-05-11,376300,디어유,28100,,106388
2026-05-11,458350,에스팀,8150,,102787
2026-05-12,041510,에스엠,87500,,134287
2026-05-12,048550,에스엠컬처앤콘텐츠,1004,,305672
2026-05-12,054780,키이스트,2155,,132497
2026-05-12,060570,드림어스컴퍼니,4735,,111120
2026-05-12,063440,에스엠라이프디자인그룹,1310,,275029
2026-05-12,376300,디어유,27900,,153810
2026-05-12,458350,에스팀,7780,,114591
2026-05-13,041510,에스엠,85100,,100246
2026-05-13,048550,에스엠컬처앤콘텐츠,1009,,261915
2026-05-13,054780,키이스트,2135,,75103
2026-05-13,060570,드림어스컴퍼니,4675,,171270
2026-05-13,063440,에스엠라이프디자인그룹,1319,,123753
2026-05-13,376300,디어유,26900,,114174
2026-05-13,458350,에스팀,7680,,62541
2026-05-14,041510,에스엠,93500,,191448
2026-05-14,048550,에스엠컬처앤콘텐츠,1007,,246069
2026-05-14,054780,키이스트,2185,,66096
2026-05-14,060570,드림어스컴퍼니,4620,,27797
2026-05-14,063440,에스엠라이프디자인그룹,1337,,103623
2026-05-14,376300,디어유,28050,,74861
2026-05-14,458350,에스팀,7690,,41588
2026-05-15,041510,에스엠,91700,,150178
2026-05-15,048550,에스엠컬처앤콘텐츠,1007,,915864
2026-05-15,054780,키이스트,2155,,64188
2026-05-15,060570,드림어스컴퍼니,4300,,64861
2026-05-15,063440,에스엠라이프디자인그룹,1314,,183302
2026-05-15,376300,디어유,26900,,94311
2026-05-15,458350,에스팀,7100,,108436
2026-05-18,041510,에스엠,87400,,93390
2026-05-18,048550,에스엠컬처앤콘텐츠,978,,346835
2026-05-18,054780,키이스트,2050,,74434
2026-05-18,060570,드림어스컴퍼니,4465,,34702
2026-05-18,063440,에스엠라이프디자인그룹,1306,,227082
2026-05-18,376300,디어유,26300,,75445
2026-05-18,458350,에스팀,7160,,111660
2026-05-19,041510,에스엠,90500,,154678
2026-05-19,048550,에스엠컬처앤콘텐츠,999,,399575
2026-05-19,054780,키이스트,2050,,29641
2026-05-19,060570,드림어스컴퍼니,4485,,28457
2026-05-19,063440,에스엠라이프디자인그룹,1300,,295050
2026-05-19,376300,디어유,27300,,86538
2026-05-19,458350,에스팀,7170,,36404
2026-05-20,041510,에스엠,84400,,124960
2026-05-20,048550,에스엠컬처앤콘텐츠,1017,,2702736
2026-05-20,054780,키이스트,2005,,28546
2026-05-20,060570,드림어스컴퍼니,4485,,8491
2026-05-20,063440,에스엠라이프디자인그룹,1263,,378010
2026-05-20,376300,디어유,25850,,98480
2026-05-20,458350,에스팀,6850,,51995
2026-05-21,041510,에스엠,84800,,83189
2026-05-21,048550,에스엠컬처앤콘텐츠,1022,,351215
2026-05-21,054780,키이스트,2005,,72081
2026-05-21,060570,드림어스컴퍼니,4485,,14515
2026-05-21,063440,에스엠라이프디자인그룹,1277,,132357
2026-05-21,376300,디어유,26100,,95314
2026-05-21,458350,에스팀,6580,,90357
2026-05-22,041510,에스엠,88200,,88311
2026-05-22,048550,에스엠컬처앤콘텐츠,1025,,216716
2026-05-22,054780,키이스트,2015,,60377
2026-05-22,060570,드림어스컴퍼니,4815,,16843
2026-05-22,063440,에스엠라이프디자인그룹,1319,,166106
2026-05-22,376300,디어유,27150,,67382
2026-05-22,458350,에스팀,6720,,48611
2026-05-26,041510,에스엠,86400,,95632
2026-05-26,048550,에스엠컬처앤콘텐츠,994,,367491
2026-05-26,054780,키이스트,2000,,58897
2026-05-26,060570,드림어스컴퍼니,4515,,24979
2026-05-26,063440,에스엠라이프디자인그룹,1294,,165719
2026-05-26,376300,디어유,26350,,67375
2026-05-26,458350,에스팀,6700,,30337
2026-05-27,041510,에스엠,83600,,92696
2026-05-27,048550,에스엠컬처앤콘텐츠,922,,609424
2026-05-27,054780,키이스트,1930,,82485
2026-05-27,060570,드림어스컴퍼니,4595,,57602
2026-05-27,063440,에스엠라이프디자인그룹,1241,,262927
2026-05-27,376300,디어유,25650,,94321
2026-05-27,458350,에스팀,6370,,86939
2026-05-28,041510,에스엠,81200,,125361
2026-05-28,048550,에스엠컬처앤콘텐츠,912,,272386
2026-05-28,054780,키이스트,1889,,60107
2026-05-28,060570,드림어스컴퍼니,4560,,30833
2026-05-28,063440,에스엠라이프디자인그룹,1239,,205938
2026-05-28,376300,디어유,25000,,76897
2026-05-28,458350,에스팀,6300,,56286
2026-05-29,041510,에스엠,79700,,270953
2026-05-29,048550,에스엠컬처앤콘텐츠,880,,425038
2026-05-29,054780,키이스트,1809,,72460
2026-05-29,060570,드림어스컴퍼니,4515,,28514
2026-05-29,063440,에스엠라이프디자인그룹,1180,,277110
2026-05-29,376300,디어유,24650,,79272
2026-05-29,458350,에스팀,5990,,35214
2026-06-01,041510,에스엠,79700,,115304
2026-06-01,048550,에스엠컬처앤콘텐츠,815,,641275
2026-06-01,054780,키이스트,1719,,96462
2026-06-01,060570,드림어스컴퍼니,4410,,29903
2026-06-01,063440,에스엠라이프디자인그룹,1161,,277682
2026-06-01,376300,디어유,24400,,90808
2026-06-01,458350,에스팀,5690,,44667
2026-06-02,041510,에스엠,78300,,124248
2026-06-02,048550,에스엠컬처앤콘텐츠,847,,783429
2026-06-02,054780,키이스트,1659,,151966
2026-06-02,060570,드림어스컴퍼니,4415,,35603
2026-06-02,063440,에스엠라이프디자인그룹,1133,,354853
2026-06-02,376300,디어유,23650,,107528
2026-06-02,458350,에스팀,5530,,40840
2026-06-04,041510,에스엠,78700,,99082
2026-06-04,048550,에스엠컬처앤콘텐츠,851,,200450
2026-06-04,054780,키이스트,1614,,31149
2026-06-04,060570,드림어스컴퍼니,4355,,14897
2026-06-04,063440,에스엠라이프디자인그룹,1092,,175523
2026-06-04,376300,디어유,23100,,74906
2026-06-04,458350,에스팀,5590,,16481
2026-06-05,041510,에스엠,74400,,87601
2026-06-05,048550,에스엠컬처앤콘텐츠,848,,223471
2026-06-05,054780,키이스트,1599,,48720
2026-06-05,060570,드림어스컴퍼니,4220,,14629
2026-06-05,063440,에스엠라이프디자인그룹,1080,,159622
2026-06-05,376300,디어유,22150,,100136
2026-06-05,458350,에스팀,5420,,38956
2026-06-08,041510,에스엠,71100,,101848
2026-06-08,048550,에스엠컬처앤콘텐츠,832,,306646
2026-06-08,054780,키이스트,1500,,95675
2026-06-08,060570,드림어스컴퍼니,3890,,27345
2026-06-08,063440,에스엠라이프디자인그룹,1000,,195192
2026-06-08,376300,디어유,20850,,143287
2026-06-08,458350,에스팀,4600,,196964
2026-06-09,041510,에스엠,73300,,137914
2026-06-09,048550,에스엠컬처앤콘텐츠,860,,251569
2026-06-09,054780,키이스트,1594,,70976
2026-06-09,060570,드림어스컴퍼니,3890,,30674
2026-06-09,063440,에스엠라이프디자인그룹,1045,,268276
2026-06-09,376300,디어유,22050,,138871
2026-06-09,458350,에스팀,4720,,75581
2026-06-10,041510,에스엠,73300,,68049
2026-06-10,048550,에스엠컬처앤콘텐츠,880,,230579
2026-06-10,054780,키이스트,1536,,37614
2026-06-10,060570,드림어스컴퍼니,3885,,13174
2026-06-10,063440,에스엠라이프디자인그룹,1052,,119456
2026-06-10,376300,디어유,21850,,78062
2026-06-10,458350,에스팀,4555,,49242
2026-06-11,041510,에스엠,88800,,537040
2026-06-11,048550,에스엠컬처앤콘텐츠,983,,644501
2026-06-11,054780,키이스트,1526,,81569
2026-06-11,060570,드림어스컴퍼니,4170,,15299
2026-06-11,063440,에스엠라이프디자인그룹,1113,,197302
2026-06-11,376300,디어유,23600,,213987
2026-06-11,458350,에스팀,4610,,36231
2026-06-12,041510,에스엠,83600,,194570
2026-06-12,048550,에스엠컬처앤콘텐츠,1100,,1872069
2026-06-12,054780,키이스트,1621,,55508
2026-06-12,060570,드림어스컴퍼니,4605,,56407
2026-06-12,063440,에스엠라이프디자인그룹,1152,,199770
2026-06-12,376300,디어유,23650,,133621
2026-06-12,458350,에스팀,4860,,63642
2026-06-15,041510,에스엠,81200,,107964
2026-06-15,048550,에스엠컬처앤콘텐츠,1199,,1746851
2026-06-15,054780,키이스트,1588,,55256
2026-06-15,060570,드림어스컴퍼니,4340,,16497
2026-06-15,063440,에스엠라이프디자인그룹,1166,,85104
2026-06-15,376300,디어유,24050,,53485
2026-06-15,458350,에스팀,4925,,44184
2026-06-16,041510,에스엠,82800,,61659
2026-06-16,048550,에스엠컬처앤콘텐츠,1201,,2306232
2026-06-16,054780,키이스트,1611,,29059
2026-06-16,060570,드림어스컴퍼니,4535,,20407
2026-06-16,063440,에스엠라이프디자인그룹,1164,,169977
2026-06-16,376300,디어유,23300,,73068
2026-06-16,458350,에스팀,5030,,32400
2026-06-17,041510,에스엠,82200,,127157
2026-06-17,048550,에스엠컬처앤콘텐츠,1289,,946232
2026-06-17,054780,키이스트,1650,,25957
2026-06-17,060570,드림어스컴퍼니,4535,,8503
2026-06-17,063440,에스엠라이프디자인그룹,1197,,113826
2026-06-17,376300,디어유,24250,,69867
2026-06-17,458350,에스팀,5040,,15055
2026-06-18,041510,에스엠,79300,,91838
2026-06-18,048550,에스엠컬처앤콘텐츠,1290,,992366
2026-06-18,054780,키이스트,1551,,33480
2026-06-18,060570,드림어스컴퍼니,4630,,15804
2026-06-18,063440,에스엠라이프디자인그룹,1159,,133360
2026-06-18,376300,디어유,23150,,42962
2026-06-18,458350,에스팀,4615,,31196
2026-06-19,041510,에스엠,76400,,97258
2026-06-19,048550,에스엠컬처앤콘텐츠,1380,,2848613
2026-06-19,054780,키이스트,1500,,65840
2026-06-19,060570,드림어스컴퍼니,4385,,34817
2026-06-19,063440,에스엠라이프디자인그룹,1125,,192803
2026-06-19,376300,디어유,22350,,58914
2026-06-19,458350,에스팀,4490,,26901
2026-06-22,041510,에스엠,74400,,81498
2026-06-22,048550,에스엠컬처앤콘텐츠,1540,,3420464
2026-06-22,054780,키이스트,1470,,28209
2026-06-22,060570,드림어스컴퍼니,4005,,19503
2026-06-22,063440,에스엠라이프디자인그룹,1115,,187819
2026-06-22,376300,디어유,21550,,71854
2026-06-22,458350,에스팀,4400,,25502
2026-06-23,041510,에스엠,70600,,81501
2026-06-23,048550,에스엠컬처앤콘텐츠,1540,,1915366
2026-06-23,054780,키이스트,1335,,97910
2026-06-23,060570,드림어스컴퍼니,4005,,32155
2026-06-23,063440,에스엠라이프디자인그룹,1095,,191991
2026-06-23,376300,디어유,20600,,77125
2026-06-23,458350,에스팀,3780,,148643
2026-06-24,041510,에스엠,70600,,107881
2026-06-24,048550,에스엠컬처앤콘텐츠,1538,,1366708
2026-06-24,054780,키이스트,1349,,43638
2026-06-24,060570,드림어스컴퍼니,4030,,19213
2026-06-24,063440,에스엠라이프디자인그룹,1071,,134021
2026-06-24,376300,디어유,20600,,55972
2026-06-24,458350,에스팀,3865,,129540
2026-06-25,041510,에스엠,68500,,84920
2026-06-25,048550,에스엠컬처앤콘텐츠,1512,,877196
2026-06-25,054780,키이스트,1314,,37267
2026-06-25,060570,드림어스컴퍼니,4065,,10163
2026-06-25,063440,에스엠라이프디자인그룹,1044,,125744
2026-06-25,376300,디어유,19750,,52422
2026-06-25,458350,에스팀,3940,,25559
2026-06-26,041510,에스엠,66500,,91751
2026-06-26,048550,에스엠컬처앤콘텐츠,1539,,923379
2026-06-26,054780,키이스트,1232,,37803
2026-06-26,060570,드림어스컴퍼니,4050,,10852
2026-06-26,063440,에스엠라이프디자인그룹,1027,,146495
2026-06-26,376300,디어유,19530,,124263
2026-06-26,458350,에스팀,3585,,55885
2026-06-29,041510,에스엠,74600,,164523
2026-06-29,048550,에스엠컬처앤콘텐츠,1786,,2665954
2026-06-29,054780,키이스트,1290,,55983
2026-06-29,060570,드림어스컴퍼니,4495,,28115
2026-06-29,063440,에스엠라이프디자인그룹,1120,,291781
2026-06-29,376300,디어유,22300,,60085
2026-06-29,458350,에스팀,3870,,64530
2026-06-30,041510,에스엠,70800,,55437
2026-06-30,048550,에스엠컬처앤콘텐츠,1600,,2024886
2026-06-30,054780,키이스트,1380,,54185
2026-06-30,060570,드림어스컴퍼니,4700,,14562
2026-06-30,063440,에스엠라이프디자인그룹,1079,,80524
2026-06-30,376300,디어유,21150,,73536
2026-06-30,458350,에스팀,3985,,44896
2026-07-01,041510,에스엠,73400,,69328
2026-07-01,048550,에스엠컬처앤콘텐츠,1680,,1315744
2026-07-01,054780,키이스트,1430,,23270
2026-07-01,060570,드림어스컴퍼니,4490,,5282
2026-07-01,063440,에스엠라이프디자인그룹,1132,,202764
2026-07-01,376300,디어유,21800,,41784
2026-07-01,458350,에스팀,4150,,25594
2026-07-02,041510,에스엠,78600,,226026
2026-07-02,048550,에스엠컬처앤콘텐츠,1591,,938379
2026-07-02,054780,키이스트,1419,,36258
2026-07-02,060570,드림어스컴퍼니,4510,,6881
2026-07-02,063440,에스엠라이프디자인그룹,1129,,118920
2026-07-02,376300,디어유,22750,,94185
2026-07-02,458350,에스팀,3960,,43826
2026-07-03,041510,에스엠,75800,,130648
2026-07-03,048550,에스엠컬처앤콘텐츠,1604,,619702
2026-07-03,054780,키이스트,1416,,30345
2026-07-03,060570,드림어스컴퍼니,4565,,2737
2026-07-03,063440,에스엠라이프디자인그룹,1131,,68212
2026-07-03,376300,디어유,21850,,47039
2026-07-03,458350,에스팀,4380,,77273
2026-07-06,041510,에스엠,77200,,87492
2026-07-06,048550,에스엠컬처앤콘텐츠,1598,,328055
2026-07-06,054780,키이스트,1424,,24464
2026-07-06,060570,드림어스컴퍼니,4490,,5431
2026-07-06,063440,에스엠라이프디자인그룹,1144,,118718
2026-07-06,376300,디어유,22200,,24975
2026-07-06,458350,에스팀,4245,,49658
2026-07-07,041510,에스엠,81900,,258556
2026-07-07,048550,에스엠컬처앤콘텐츠,1549,,585749
2026-07-07,054780,키이스트,1448,,24177
2026-07-07,060570,드림어스컴퍼니,4495,,12071
2026-07-07,063440,에스엠라이프디자인그룹,1139,,111569
2026-07-07,376300,디어유,23000,,74624
2026-07-07,458350,에스팀,4250,,38350
2026-07-08,041510,에스엠,78800,,115937
2026-07-08,048550,에스엠컬처앤콘텐츠,1500,,481240
2026-07-08,054780,키이스트,1400,,10886
2026-07-08,060570,드림어스컴퍼니,4490,,6732
2026-07-08,063440,에스엠라이프디자인그룹,1115,,145860
2026-07-08,376300,디어유,21750,,62371
2026-07-08,458350,에스팀,3985,,75719
2026-07-09,041510,에스엠,74600,,123711
2026-07-09,048550,에스엠컬처앤콘텐츠,1606,,1442424
2026-07-09,054780,키이스트,1315,,41370
2026-07-09,060570,드림어스컴퍼니,4465,,5139
2026-07-09,063440,에스엠라이프디자인그룹,1112,,74607
2026-07-09,376300,디어유,21700,,65804
2026-07-09,458350,에스팀,3645,,151344
2026-07-10,041510,에스엠,77500,,70155
2026-07-10,048550,에스엠컬처앤콘텐츠,1543,,650798
2026-07-10,054780,키이스트,1314,,32342
2026-07-10,060570,드림어스컴퍼니,4510,,8081
2026-07-10,063440,에스엠라이프디자인그룹,1120,,88008
2026-07-10,376300,디어유,22500,,40939
2026-07-10,458350,에스팀,3835,,64999
2026-07-13,041510,에스엠,74900,,85144
2026-07-13,048550,에스엠컬처앤콘텐츠,1494,,406502
2026-07-13,054780,키이스트,1315,,15804
2026-07-13,060570,드림어스컴퍼니,4425,,5024
2026-07-13,063440,에스엠라이프디자인그룹,1110,,81420
2026-07-13,376300,디어유,22050,,62853
2026-07-13,458350,에스팀,3615,,49815
2026-07-14,041510,에스엠,72300,,72597
2026-07-14,048550,에스엠컬처앤콘텐츠,1475,,819879
2026-07-14,054780,키이스트,1288,,41315
2026-07-14,060570,드림어스컴퍼니,4360,,5517
2026-07-14,063440,에스엠라이프디자인그룹,1093,,242227
2026-07-14,376300,디어유,20600,,78843
2026-07-14,458350,에스팀,3720,,41847
2026-07-15,041510,에스엠,71000,,105628
2026-07-15,048550,에스엠컬처앤콘텐츠,1568,,619055
2026-07-15,054780,키이스트,1279,,22895
2026-07-15,060570,드림어스컴퍼니,4300,,1644
2026-07-15,063440,에스엠라이프디자인그룹,1116,,53817
2026-07-15,376300,디어유,21200,,33864
2026-07-15,458350,에스팀,4260,,46730
2026-07-16,041510,에스엠,69100,,95602
2026-07-16,048550,에스엠컬처앤콘텐츠,1605,,481608
2026-07-16,054780,키이스트,1284,,27245
2026-07-16,060570,드림어스컴퍼니,4195,,10836
2026-07-16,063440,에스엠라이프디자인그룹,1113,,45425
2026-07-16,376300,디어유,20050,,94840
2026-07-16,458350,에스팀,3915,,46163
2026-07-20,041510,에스엠,67100,,90936
2026-07-20,048550,에스엠컬처앤콘텐츠,1509,,662837
2026-07-20,054780,키이스트,1192,,31556
2026-07-20,060570,드림어스컴퍼니,4230,,10096
2026-07-20,063440,에스엠라이프디자인그룹,1108,,22728
2026-07-20,376300,디어유,19100,,61845
2026-07-20,458350,에스팀,3795,,32290
2026-07-21,041510,에스엠,67100,,87822
2026-07-21,048550,에스엠컬처앤콘텐츠,1510,,332816
2026-07-21,054780,키이스트,1278,,606648
2026-07-21,060570,드림어스컴퍼니,4365,,6457
2026-07-21,063440,에스엠라이프디자인그룹,1123,,163519
2026-07-21,376300,디어유,19100,,52003
2026-07-21,458350,에스팀,3925,,16485
2026-07-22,041510,에스엠,67000,,92403
2026-07-22,048550,에스엠컬처앤콘텐츠,1560,,371251
2026-07-22,054780,키이스트,1212,,107530
2026-07-22,060570,드림어스컴퍼니,4345,,12582
2026-07-22,063440,에스엠라이프디자인그룹,1136,,75962
2026-07-22,376300,디어유,19160,,40337
2026-07-22,458350,에스팀,3975,,14510
2026-07-23,041510,에스엠,71500,,92555
2026-07-23,048550,에스엠컬처앤콘텐츠,1574,,240899
2026-07-23,054780,키이스트,1251,,53297
2026-07-23,060570,드림어스컴퍼니,4295,,5222
2026-07-23,063440,에스엠라이프디자인그룹,1155,,50690
2026-07-23,376300,디어유,20450,,45436
2026-07-23,458350,에스팀,4125,,15936
2026-07-24,041510,에스엠,69800,,69236
2026-07-24,048550,에스엠컬처앤콘텐츠,1558,,280308
2026-07-24,054780,키이스트,1250,,21506
2026-07-24,060570,드림어스컴퍼니,4270,,5184
2026-07-24,063440,에스엠라이프디자인그룹,1145,,40509
2026-07-24,376300,디어유,20050,,43324
2026-07-24,458350,에스팀,4045,,27173
2026-07-27,041510,에스엠,74400,,125228
2026-07-27,048550,에스엠컬처앤콘텐츠,1578,,458542
2026-07-27,054780,키이스트,1231,,26313
2026-07-27,060570,드림어스컴퍼니,4315,,10912
2026-07-27,063440,에스엠라이프디자인그룹,1145,,98850
2026-07-27,376300,디어유,20700,,665107
2026-07-27,458350,에스팀,4025,,17296
2026-07-28,041510,에스엠,70100,,106499
2026-07-28,048550,에스엠컬처앤콘텐츠,1557,,277701
2026-07-28,054780,키이스트,1203,,25179
2026-07-28,060570,드림어스컴퍼니,4290,,10009
2026-07-28,063440,에스엠라이프디자인그룹,1102,,75288
2026-07-28,376300,디어유,19700,,125306
2026-07-28,458350,에스팀,3670,,24967
2026-07-29,041510,에스엠,66700,,190626
2026-07-29,048550,에스엠컬처앤콘텐츠,1505,,1642355
2026-07-29,054780,키이스트,1130,,51857
2026-07-29,060570,드림어스컴퍼니,4100,,26952
2026-07-29,063440,에스엠라이프디자인그룹,1003,,231034
2026-07-29,376300,디어유,18900,,140278
2026-07-29,458350,에스팀,3240,,41813
2026-07-30,041510,에스엠,66600,,98121
2026-07-30,048550,에스엠컬처앤콘텐츠,1520,,441922
2026-07-30,054780,키이스트,1129,,32918
2026-07-30,060570,드림어스컴퍼니,3640,,16292
2026-07-30,063440,에스엠라이프디자인그룹,1051,,132462
2026-07-30,376300,디어유,19050,,47800
2026-07-30,458350,에스팀,3130,,29442
2026-07-31,041510,에스엠,68400,,110044
2026-07-31,048550,에스엠컬처앤콘텐츠,1550,,652213
2026-07-31,054780,키이스트,1187,,35391
2026-07-31,060570,드림어스컴퍼니,3640,,0
2026-07-31,063440,에스엠라이프디자인그룹,1055,,87199
2026-07-31,376300,디어유,19840,,74232
2026-07-31,458350,에스팀,3370,,26632
2026-08-03,041510,에스엠,71600,,119084
2026-08-03,048550,에스엠컬처앤콘텐츠,1571,,616840
2026-08-03,054780,키이스트,1250,,28428
2026-08-03,060570,드림어스컴퍼니,3640,,0
2026-08-03,063440,에스엠라이프디자인그룹,1055,,68050
2026-08-03,376300,디어유,20050,,122544
2026-08-03,458350,에스팀,3395,,18615
2026-08-04,041510,에스엠,76700,,155955
2026-08-04,048550,에스엠컬처앤콘텐츠,1742,,1841650
2026-08-04,054780,키이스트,1271,,56543
2026-08-04,060570,드림어스컴퍼니,3640,,0
2026-08-04,063440,에스엠라이프디자인그룹,1120,,334217
2026-08-04,376300,디어유,21850,,121322
2026-08-04,458350,에스팀,3590,,14883
2026-08-05,041510,에스엠,73700,,106871
2026-08-05,048550,에스엠컬처앤콘텐츠,1690,,2070684
2026-08-05,054780,키이스트,1308,,10285
2026-08-05,060570,드림어스컴퍼니,3640,,0
2026-08-05,063440,에스엠라이프디자인그룹,1120,,120049
2026-08-05,376300,디어유,20000,,196577
2026-08-05,458350,에스팀,3550,,23964
2026-08-06,041510,에스엠,73700,,73892
2026-08-06,048550,에스엠컬처앤콘텐츠,1773,,1400354
2026-08-06,054780,키이스트,1307,,11001
2026-08-06,060570,드림어스컴퍼니,3640,,0
2026-08-06,063440,에스엠라이프디자인그룹,1110,,72931
2026-08-06,376300,디어유,19970,,87608
2026-08-06,458350,에스팀,3665,,23690
2026-08-07,041510,에스엠,75600,,78825
2026-08-07,048550,에스엠컬처앤콘텐츠,1719,,811643
2026-08-07,054780,키이스트,1315,,38515
2026-08-07,060570,드림어스컴퍼니,3640,,0
2026-08-07,063440,에스엠라이프디자인그룹,1108,,42522
2026-08-07,376300,디어유,19660,,88908
2026-08-07,458350,에스팀,3640,,7139
2026-08-10,041510,에스엠,76300,,72559
2026-08-10,048550,에스엠컬처앤콘텐츠,1515,,1952005
2026-08-10,054780,키이스트,1362,,27231
2026-08-10,060570,드림어스컴퍼니,3640,,0
2026-08-10,063440,에스엠라이프디자인그룹,1120,,48285
2026-08-10,376300,디어유,20250,,93578
2026-08-10,458350,에스팀,3745,,9446
2026-08-11,041510,에스엠,76300,,71779
2026-08-11,048550,에스엠컬처앤콘텐츠,1444,,1647231
2026-08-11,054780,키이스트,1365,,17131
2026-08-11,060570,드림어스컴퍼니,3640,,0
2026-08-11,063440,에스엠라이프디자인그룹,1126,,38776
2026-08-11,376300,디어유,20150,,120140
2026-08-11,458350,에스팀,3760,,11076
2026-08-12,041510,에스엠,75500,,91398
2026-08-12,048550,에스엠컬처앤콘텐츠,1383,,2226744
2026-08-12,054780,키이스트,1359,,8916
2026-08-12,060570,드림어스컴퍼니,3640,,0
2026-08-12,063440,에스엠라이프디자인그룹,1130,,37954
2026-08-12,376300,디어유,20100,,73508
2026-08-12,458350,에스팀,3810,,25793
2026-08-13,041510,에스엠,71900,,114763
2026-08-13,048550,에스엠컬처앤콘텐츠,1337,,505841
2026-08-13,054780,키이스트,1338,,11249
2026-08-13,060570,드림어스컴퍼니,3640,,0
2026-08-13,063440,에스엠라이프디자인그룹,1110,,114030
2026-08-13,376300,디어유,19790,,63766
2026-08-13,458350,에스팀,3785,,11452
2026-08-14,041510,에스엠,73400,,83818
2026-08-14,048550,에스엠컬처앤콘텐츠,1360,,766444
2026-08-14,054780,키이스트,1331,,6206
2026-08-14,060570,드림어스컴퍼니,3640,,0
2026-08-14,063440,에스엠라이프디자인그룹,1100,,134734
2026-08-14,376300,디어유,19800,,56395
2026-08-14,458350,에스팀,3715,,19700
2026-08-18,041510,에스엠,71000,,131320
2026-08-18,048550,에스엠컬처앤콘텐츠,1312,,559280
2026-08-18,054780,키이스트,1327,,14249
2026-08-18,060570,드림어스컴퍼니,3640,,0
2026-08-18,063440,에스엠라이프디자인그룹,1075,,134775
2026-08-18,376300,디어유,18810,,97200
2026-08-18,458350,에스팀,3675,,9921
2026-08-19,041510,에스엠,72800,,72792
2026-08-19,048550,에스엠컬처앤콘텐츠,1330,,340773
2026-08-19,054780,키이스트,1292,,9182
2026-08-19,060570,드림어스컴퍼니,3640,,0
2026-08-19,063440,에스엠라이프디자인그룹,1055,,86071
2026-08-19,376300,디어유,18380,,77338
2026-08-19,458350,에스팀,3640,,12589
2026-08-20,041510,에스엠,74700,,108911
2026-08-20,048550,에스엠컬처앤콘텐츠,1361,,487615
2026-08-20,054780,키이스트,1300,,9199
2026-08-20,060570,드림어스컴퍼니,3640,,0
2026-08-20,063440,에스엠라이프디자인그룹,1049,,71727
2026-08-20,376300,디어유,18820,,36034
2026-08-20,458350,에스팀,3630,,3683
2026-08-21,041510,에스엠,71300,,79664
2026-08-21,048550,에스엠컬처앤콘텐츠,1300,,439528
2026-08-21,054780,키이스트,1273,,21676
2026-08-21,060570,드림어스컴퍼니,3640,,0
2026-08-21,063440,에스엠라이프디자인그룹,1022,,80988
2026-08-21,376300,디어유,18170,,61305
2026-08-21,458350,에스팀,3580,,26845
2026-08-24,041510,에스엠,71900,,47994
2026-08-24,048550,에스엠컬처앤콘텐츠,1278,,730744
2026-08-24,054780,키이스트,1293,,6282
2026-08-24,060570,드림어스컴퍼니,3640,,0
2026-08-24,063440,에스엠라이프디자인그룹,1027,,78330
2026-08-24,376300,디어유,18310,,32392
2026-08-24,458350,에스팀,3490,,9578
2026-08-25,041510,에스엠,72100,,48110
2026-08-25,048550,에스엠컬처앤콘텐츠,1303,,654092
2026-08-25,054780,키이스트,1285,,8575
2026-08-25,060570,드림어스컴퍼니,3410,,24189
2026-08-25,063440,에스엠라이프디자인그룹,1040,,47992
2026-08-25,376300,디어유,18490,,41676
2026-08-25,458350,에스팀,3460,,7584
2026-08-26,041510,에스엠,77000,,110324
2026-08-26,048550,에스엠컬처앤콘텐츠,1293,,176627
2026-08-26,054780,키이스트,1280,,6952
2026-08-26,060570,드림어스컴퍼니,3375,,9596
2026-08-26,063440,에스엠라이프디자인그룹,1063,,38245
2026-08-26,376300,디어유,18630,,36364
2026-08-26,458350,에스팀,3415,,6138
2026-08-27,041510,에스엠,74600,,134240
2026-08-27,048550,에스엠컬처앤콘텐츠,1276,,1037784
2026-08-27,054780,키이스트,1380,,914265
2026-08-27,060570,드림어스컴퍼니,3595,,11270
2026-08-27,063440,에스엠라이프디자인그룹,1058,,43204
2026-08-27,376300,디어유,18790,,39988
2026-08-27,458350,에스팀,3400,,6800
2026-08-28,041510,에스엠,75800,1735417502000.0,71681
2026-08-28,048550,에스엠컬처앤콘텐츠,1294,125148718280.0,465252
2026-08-28,054780,키이스트,1385,27226043305.0,64161
2026-08-28,060570,드림어스컴퍼니,3625,53723638250.0,1450
2026-08-28,063440,에스엠라이프디자인그룹,1064,48219803296.0,14222
2026-08-28,376300,디어유,18910,448893257460.0,29476
2026-08-28,458350,에스팀,3410,29609712000.0,8647
